CHQuestion	Potentially_Pejorative
王者荣耀我玩关你什么事？天天阴阳怪气你以为你网络暖男噢	None
所以这个妹子有没有bug？男朋友解决了吗？	None
和我做一次爱是什么鬼？这个骗子是个男的？	None
既然出身这么卑贱，为啥不自杀以谢天下呢？	None
女生为什么生气？因为你睡过了，睡过了是做错了吗？是，那你还委屈个屁？	None
几十年前贫穷落后？那个时代确实物质条件差，但麻烦了解一下六七十年代日本全共斗，	None
贵阳～～六中的？？？	None
这都能扯上地域黑？全国就河南有？	None
那难道女性没有选择孩子为父姓的权利？	None
他有哪些资本可以强烈要求你做家庭主妇吗？	None
海南大学 青海 内蒙古那种？[捂脸]	None
不是 这newbee也能代表CNLOL了？ 是不是偷井盖也能代表河南了？ newbee什么队你自己心里没点13数？ WE跟RNG也被代表了？	None
能简单介绍一下移民的初衷吗？毕竟这么辛苦已经在上海扎根了	None
你这个北京土著前男友后来结婚了么，找的是北京本地老婆还是外地老婆呢？	None
哈哈哈哈哈哈，誰說的？你叫他比較一下七八十年代香港和內地的文化產業發展狀況	None
？？？？？为什么活该？男生做错了？	None
所以确认是澳门王何贤了？得病之后选择去了国外治疗那个？	None
你这都算要出成绩了，还说啥，不出成绩的去喝西北风？	None
你们有没有发现，女拳和特朗普大统领很像呢？	None
女方叫自己兄弟打丈夫和孩子，不能打回去？？自卫和保护孩子叫直男癌？？	None
那这个骗枪的到底是男是女？	None
摸仙女娃似李吗？	None
媳妇儿土气？作为北方女生得说这个称呼是充满强势的爱意的啊 可能东北话就是有那么些大碴子味吧	None
天津是哪个省的省会？[捂脸][捂脸]	None
你认真的？要过重本线的，本科线比这个低了100呢（今年上海考生	None
醒醒吧，你以为她们是要男性和女性平等？	None
素质？你是谁啊，你来定义谁素质高谁素质低？假定素质有180级，1级最高180级最低，你有信心有理由认为你是1级的吗？如果你不是1级的，是不是你就不适合婚嫁？是不是就不适合在中国生活？	None
电气工程及自动化选中国农业大学还是西南交通大学?	None
我倒没有那么悲观，主要是针对一二线城市而言，现在的气氛就是——你想生三胎，你是不是脑子不太正常？	None
女性凭什么要和男性平权？	None
天津听相声吗？	None
我们东北都是黑社会，谁敢在我面前吃我客户？	None
接下来这对恶心的中年男女是不是要把矛头对准他们女儿的男朋友继续捞钱？？	None
网络小说？你不说我以为是哪个澳门赌场的黄文……	None
那你给我判断下腾讯是怎么过了保全条件的吧，这里面事情是不是也不简单？不要只盯名声好的嘛，盯盯名声不好的，还有北京阅文压在作者的合同你如何看？反映了什么问题？	None
你们广西不都是生好几个的吗？一生一大窝的那种？	None
诶、男生付出什么了？连生个孩子的付出都没有吧，你就说男生付出什么了	None
想问下小姐姐去哪家做的呀？上海九院太黑了不知道该去哪家正规的	None
感觉热巴的颜带着英气，但是演少女好像也不违和？	None
奇怪啊，回答区一个四十左右的姐姐，姐姐好听一点，反串上瘾了吗？	None
在江苏？好像我知道这个诶	None
四川不如东北挺正常的，中西部省份到现在也没发展起来吧？	None
足够搞笑，但是很多地方不太明白，例如玩鸟的骗子，讨价时用普通话，被赶出门后说河南话的用意？	None
要是贵阳发生的每件事你都听过会不会觉得更奇怪～？	None
老师问一下 河南美术生文化课332 有建议去的学校吗？	None
荆芥 好像又名九层塔，河南同事带了点给我，我说这不是草吗？？	None
既然女性这么重要为什么你国如此厌女？	None
我的天啊，我想问我这个黑东的做错了什么？您凭什么说我素质低？把东北的名声搞坏了？	None
医生面前无男女？？？前段时间还爆出过医生趁患者麻醉时候强奸的呢	None
如果老板克扣你的工资，强迫你低薪工作，然后夸你很有「奉献精神」，你什么感觉？	None
您从哪儿能看出自愿？我看完视频只有反胃和恶心，您觉得女性被迫剪光头不是不尊重这件事情本身就足够不尊重了	None
真的很真实，我初中的时候都不知道你们的一双鞋一件衣服居然可以好几千，?（贵州，十八线县城的镇上读的初中）	None
安徽地区？？合肥？？	None
握草，真特么智障，真是看不下去了，哪来的优越感，四川妹子偷他家井盖儿啦？这么义愤填膺，社会社会，服气服气	None
女生打胎没毛病，但是你武断的说男方欺骗就说明你有毛病了，懂吗？	None
好家伙，地方自治都出来了，天天黑东北，没有东北出产的国防产品，浙江能发展的安心？	None
这么恶心的男的，处了四年没发觉？	None
突然想如果是四川话版该是多么搞笑?	None
其实你不去云南旅游也就没这些事了，中国这么大哪不能去？	None
还在吗？父李姓，母高姓，能帮起个男孩名字吗？正直，善良，积极的那种	None
男朋友？对不起我是单身狗	None
宁夏大学究竟打了谁的脸？	None
妹纸这么能干？就不怕找不到男朋友？	None
你好呀大李，我是四川的，现在在外地上大学，我想问一下川大金融专硕就业如何呢？ 西财在深圳校友很发达，川大呢，川大能辐射到深圳吗？？？	None
你看到宁夏球王，肥龙本体了没？	None
我去真的好帅啊，你是仙女吗？	None
骂是因为他怕，如果中国啥都不是没有任何威胁他会骂？他会骂蒙古国吗	None
赞同你的话，但我看东北贴吧把大连也黑的够惨，叫什么海王八，我看完又气又笑??	None
任天堂新主机 Nintendo Switch 是否有潜力成为成功的主机？	None
求推荐怎么给女朋友补血啊？有什么方法或者食品	None
同江苏，之前大二的时候去逛学校招聘会，好像附院还是哪个教学医院对博士的安家费一次性九十万？另外每年大几十万的科研补贴	None
哦，有酸菜好吃？正宗地道东北酸菜疙瘩	None
既视感满满你最喜欢的三个女演员是谁？ 英格丽褒曼 奥黛丽赫本 安吉拉宝贝儿[捂脸]	None
我怎么动脑子？本来就是娱乐一下 惠比寿肯定比雪女后手，雪女每次都能冻住我的惠比寿不是有意问题还是我的问题？	None
是的哇，全国哪里高考简单了？怎么就江苏的叫唤的欢，别的省考不好都是怪自己，合着就江苏的怪国家？进了一个大学还要恶心你，我要不是国家政策至少都是清北C9[微笑]	None
啊，对这个主播真的很反感，恶心至极的好吗？还是个话痨，不管男的女的，敢叫小哥哥换装备，一梭子子弹打死你	None
你有数据证明被强奸的女性都是 骚 的女性么？	None
江苏高考？？？小明今年18岁求地球的质量哈哈哈哈	None
我擦？？你逗我呢，山东和湖北，明显湖北距离河南更近啊	None
楼主说的去西藏考的是高考移民还是干部子女？	None
你是嫌弃我大东北的女生不够温柔？手动滑稽？	None
不是就算你说的都对凭什么不能女的改生活习惯非要男的改？	None
呵，说的都是你们四川的东西，我们有必要去关注吗？倒是绵阳地震稍微关注些	None
小学一同学，说，你在上海混的咋样啊，给我介绍个工作呗？我了个去，我一互联网普通职工，要给你一厨子介绍工作？逗吧？	None
大脸小仙女？	None
买的哪块？我在天津	None
安徽老乡？[开心]好像是把“千张”打个节叫“百叶节”吧，哈哈	None
上海的贵族是个什么族？建国后有你说的这种富裕的贵族吗？	None
因为中国有妇联，没有男联啊，政治影响力的重要性不用我来说吧？	None
井盖？什么是井盖？我在河南长这么大根本没见过井盖	None
真的假的，你说的是哪里啊？我嫁到了山西，因为婆家世代天主教，我也入教了，这边很多天主教的	None
难道就没有我大广西的螺蛳粉吗？	None
小男孩？凸( ､ )	None
鲁能 你是山东银？	None
一个姓而已，为什么男性就是不愿意放弃？	None
是哪里的菜和东北读不读书有什么关系？	None
东北林业还是挺NB的吧？	None
最后一句你看过出处没有？那是甘肃被吐蕃占领数十年内发事情，瞎扯什么李唐胡化	None
还有，要是青海民族大学金融硕士毕业学历，在江苏能够认嘛，回来工作干什么呢？怎么规划比较好呢？	None
会不会说民族语言跟什么民族感情关系真不大，那些回答张口闭口就是忘了本了，汉化严重了，其实说到底是为什么？	None
这要是大张伟去美国是不是落地就拖出去枪毙了？	None
你是广东考生吗？	None
这部剧除了小龙女颜值其它都毁吧，这也叫武侠？？	None
试用期延长是因为没有讲上海话？	None
苏南的街道，一年30w吗？正准备考苏中	None
您从哪儿看出来地域黑的？是黑东北还是黑南方呢？	None
所以你平时都干了啥让导师觉得你将来会怕媳妇?好奇少女前来询问[惊喜][惊喜]	None
想请问答主，父母离异，然后我父亲户籍在广东，我母亲户籍在四川，我跟我母亲且生源地也在四川，这种情况下我可以不违约去广东工作吗？	None
她是老了瘦了加整容后遗症，不明白为什么作品量真么少，男主现在也一言难尽，狐狸啊的小奶狗呢？？？？	None
你不觉得你的恶心不是身处环境潜移默化造成的？男女之类是天性没必要扣什么帽子	None
那时候香港经济不好，片子不好看谁会去看一部不好看的电影？就好比喜剧之王才2000多万的票房	None
山西大学在好多地方是二本招生吧？应该不算这个尴尬的范围	None
她是哪门子仙女？会骑扫帚到处飞的那种？	None
被西北农林科技大学录取了地信专业，你觉得西农的这个专业怎么样呢？	None
我还见过一个女生，特别的瘦，在东北-20度的天气里，漏着冻的青紫的脚脖子，最主要的是他穿了一条打底裤，很薄的那种，然后裤脚和脚脖子衔接处，也没有看到裤脚是粗的，也就是说她连秋裤都没穿？？	None
朋友都是男性？你被强奸了还结交这么多男性朋友？	None
想追女神？半夜带她去鬼屋就行了	None
中国互联网发展跟李开复什么关系？他就是来骗钱的	None
比如一堆医生在仓库门口乞求物资而不得也是小毛病？这次湖北红会官员都下去多少个了，坏就是坏，没必要洗吧	None
看看抖音男性对彩礼的评论:我未来承包了你的后半生，我没找你要抚养费都不错了，你还敢要彩礼？	None
里大家还都穿内裤呢，所以穿内裤的都是男优女优？都是衣服凭什么只给jk贴标签，看不起内裤咋滴	None
河北真的很难高考吗？前几年不是和河南一起高考，结果分数线被爆了吗》？	None
你了解上海高校？	None
你又知道了？还是说女拳还要再细分一下？从女拳女权田园女权再细分一下各个平台的？女拳细分法案？	None
嫁个好老公就行？女性并不需要依附在男性身上来体现自己，你这样我可能会说你直男癌哦	None
男女主打过架说明女主也没有那么逆来顺受，结果长大了，搭了个朋友圈子，不管是不是男主帮忙的，就被这么破坏掉了，居然连重话都没有？是脾气越来越退化了吗	None
你说的这个白，是指盎格鲁撒克逊色，还是肤白貌美的白色？	None
那就不是重男轻女，和女权有什么关系哦？	None
答主是西北工业大学？	None
他在一个公共场合高喊台湾，国泰民安，这不是台独是啥？	None
请问如何证明六小龄童说的在河南的景点这个事对应的是这张照片，这种事不能发生两次或者多次吗？	None
窝大四川哒？	None
看来澳门小到不需要用地图……最后还想请教一下如果夜晚看完烟花从观光塔去氹仔喜来登从哪里坐哪路公交车会比较好？	None
我今年高考，高三加的3-5，然而我现在已经忘记了还学还学量子力学了吗？（坐标河北沧州）	None
所以您这种牛逼的思想家请别再我们这愚昧的国度了好么？？？ 台湾就是我们的，西藏也是我们的，您看不惯去联合国举手呀	None
老婆是女警，还敢出去玩？这不是找死吗	None
那个孙世林 我建议和秦升同罚 我看得真是尴尬癌都犯了···· 两个镜头 一是用手指倒地的维特赛尔 二是给帕托竖拇指，你tm上海滩出来的黑社会老大？？？	None
或者是小伙子自我认知不对？这点屁事都能挂网上，挺佩服那女孩子的眼光的	None
不良少女只有写生物题的时候才会用这只钢笔？嘿嘿嘿，我不信	None
维护权利成了打压，你这么爱台湾？？？让国际组织存在中国和台湾并列？？？	None
或许？不过在我这里不分男女，如果是男生我也讨厌（对事不对性别）	None
是甘肃西部更贫困还是东部更贫困？	None
可以明确的告诉你恰恰相反，金钱诱惑的不是考生，而是学校 衡中作为河北升学率第一的学校需要用钱求着考生进? 用金钱诱惑优质生源，那是不入流的高中干的事情	None
北京被某些wdb黑排外还少吗？不关注网络地域战吗？	None
号称是那实际咋样？和我这苏北高中对比一下（本一三成不到）	None
如果我有你这样的女朋友，夫复何求？	None
前天跟你相亲的男的怎么样？ 开个破奇瑞你说呢？ 狗头	None
这个男孩儿是日常生活都结巴吗？	None
IPAD MINI2 多少钱出？ 江西南昌	None
地域黑一个 是山东的么？	None
央视被收买？我很佩服你连这种话都说的出来，这个频道是直属广电的你的意思是广电被收买了？谁有那么大的北京呢能收买广电？	None
帮他干嘛？让他去重庆吃火锅不好吗？否则反攻时，顺风送，逆风死，好不容易打下东北还是sb ai的	None
那个男生为什么忽然尖叫有鬼？	None
我在北京工作，很多商场一层都有卫生间是怎么回事，我来了个假北京？	None
就东亚大多数女孩子扁平的五官，肤色如果还不白，在路上她和她有什么区别，谁还看得见？	None
苏北南通谁敢惹？	None
嘿同学，我也是江西的，你是哪一所高中呀？我高中的情况和你差不多	None
白石山？河北保定涞源有个白石山	None
这样的女朋友请给我来一打?	None
你好，塔读是不是不适合女频小白文？	None
面包女郎莱迪亚，每次不见了都是躲在角落里啃面包，怎么会饿呢？	None
连女权都做不到还想平权？	None
[飙泪笑]干什么攻击性这么强？我是对女孩子说的，怎么滴我回答个问题还得面面俱到呗？你有那闲工夫你跑我这儿评论个什么，好好学你的习得了	None
广西的吧？我刚刚好像看到了新闻标题，没点进去	None
你老公知道你那个男性朋友贬低他的事吗？哈哈哈，笑死我了	None
玫瑰家应该动员不了高庭所以的军队吧；另外很好奇多恩的情况，三个私生女谋杀了统治多年的正统道朗亲王，难道亲王的属下不报仇？还有其它旁系不出兵杀三个沙蛇以此夺位？	None
都跑来知乎黑东北了？	None
你是不是骑行过青海湖？	None
台湾不是中国的？	None
九三是黑龙江产的么？我以为是内蒙的[惊讶]	None
小Q问：我是O血型的天秤座，极其纠结的一个男生，如果想入行IT，我到底是适合做测试呢，还是做开发呢？	None
非要我贴图，这女的主动提出的包养，尊重女性？？？我笑掉大牙，那也是女性先不尊重自己	None
我说香港东京收入水平低了吗我说那里还一辈子房贷有问题？欢迎用事实反驳	None
渔网袜穿在裤子里我觉得非常好看肉丝黑丝同样可以世界上美女最多的国家俄罗斯俄妹全是这么穿的真他妈的好看???不会有任何不妥	None
边缘城市黑龙江表示…这个不是很正常吗？	None
你个熊样，广东没这个说法吗？	None
我没记错是倒数第七吧，河南倒数第一，而且也没见到江苏考生一入学是多么牛逼，哪都有好的，哪都有差的，照你们这种吹法，北京上海的考生那岂不是进来直接秒杀全国各地，四六级都不看的？直接上八级雅思托福了	None
活在键盘上的喷子吗？对整个南昌的皮包诈骗有意见？那真不好意思，公司还真不在南昌，北京欢迎你，另外，真真假假现在这个时代很容易去辨别，至于闭着眼睛就开始瞎喷的，你看来是你家的教养没到位，你是不是应该回笼去深造一下再出来？	None
身为北京当地土著，我想问一句:豆汁香不？	None
花了几十年读书花了几十上百万，终于博士毕业，让你当家庭主妇你愿意？	None
国内的视频里地图有台湾，国外的地图不带台湾，这是什么正规流程吗？如果地图问题是新疆有问题的话，我还勉强可以理解，毕竟很难一眼看出来，但是台湾这么大一个岛看不到吗？更何况他不是看不到的问题，国内一副面孔，国外一副面孔，真是累着他了	None
为什么30岁之后就可悲？	None
你想让东施对西施抱有善意？	None
毕竟是少数男的有障碍，但是婚前发生行为是没有任何安全保障的，得个艾滋总比遇到阳痿男要好很多吧？	None
怎么说……可能是他们眼里总感觉亚裔是那种乖乖不犯事的形象吧？没什么威胁所以无所谓（？	None
美国的「黑命贵」是怎样一种情况？	None
山威是个校区啊，你为什么一定要把山威和山大割裂开来看？吉林大学那么多校区每个校区都有国家重点实验室？那我是不是可以说吉林大学某校区不如211（吉大只用来举例，没有别的意思）你这么说真的很好笑，山大校招等等很多都是一校三地共享的好吗？	None
烩面？河南？	None
不赞同，在中国如此高比例的混血单亲妈妈不是事实？是我们压迫了他们？	None
元清这些是中国王朝，少数民族政权 日本是独立国家，有自己的国家民族意识 这能放一起比？	None
佛系少女？	None
一个男的三个女的怎么能叫3p一男儿女双飞，二男一女3p，一男三女是滥交群p？	None
这个或许是，但是为啥祖籍是山东而不是河南啊？	None
这是广东的熊猫？	None
那其实只要一个女孩不就好了？说到底还是重男轻女的问题罢了	None
平时不是抨击拜金女吗？现在两百万加上海的房子都不愿生，说明这不是个拜金女啊，为啥不支持？她不仅仅是考虑她自己，更是爱自己的孩子，让孩子一出生就没了爹妈，各位忍心？仅仅是为了传递基因，到底是谁狠心自私？	None
是重男轻女又怎么样呢 ？ 她做错了什么了吗？ 做了什么对不起女孩的事情吗？	None
艺考生五百大多算学霸了吧，跑男那个方程组你完全可以说是节目组营造的效果啊，这也能甩锅给她？	None
有没有想过要是丑一点胖一点的女生穿这种会是怎样的灾难现场？	None
何为贤惠呢？ 忍气吞声叫贤惠？	None
而且现在大陆对台湾还各种让利，否则你觉得台湾发的出福利，真跟深圳一样不让利还各种财政转移，你觉得台湾能维持这种福利？还是那句话，进口印度药或扶持自己的印度药，让国外药企花中国的钱星辰大海？醒醒吧	None
唔，签订契约成为地狱少女那句是什么？	None
为啥非得结扎？避孕套也可以啊，男性结扎也是有风险的，万一以后感情有变故，男方又疏通失败，男的不是惨了	None
能问一下在香港买的话，是只能在香港读书才能享受这个价位的教育优惠吗？	None
啧啧啧，骚伦粉的操作比蒸煮还败好感，是不是要说女主蹭你家热度？可是真宇红了	None
女神，过了吗？	None
应对？ 男女产假相同不就行了吗？	None
内蒙古自治区简称内蒙古，再简是啥？	None
香港，富豪，热衷做教育慈善，田家炳先生吗？？？	None
不标榜自己“民主自由平等”怎么吸引移民呢？	None
没有广西、湖南、湖北，哪来的安徽、江西？	None
这帮子SB有没有去看看监狱中的种族比例？	None
女拳气势汹汹，哪里像是弱势群体？说的话半真半假，	None
我就问你是从哪里看到中科院河南UCLA项目既发国科大毕业证也发UCLA的学位证的？	None
蛤蛤蛤我就想问是不是河南的，怕你说我地域黑没敢问?? 我漯河的	None
想考云南大学来着，生物学很抠，那其他呢？	None
他新女友卖给他的吧？	None
国内女性遇到性侵不发声比例也高，那我问一下强奸您的女性亲属风险低不低？	None
所以这个科学家每天在做实验的时候想着，我今天用这个公式产生了多少个闺女？	None
我在上海读书，有哪位妹子愿意同路一起去香港打疫苗么？	None
山东封建思想落后？？？？女性不上桌？？？不好意思我们周围的女性从小到大都上桌吃饭这都2019年了 这三观思想还这样 也是醉了	None
哇哦，陪伴是吧？那要是陪伴的是女方，你是不是又要跳出来酸男方了呢？既然离婚，那总有一方无法获得孩子，有意思吗酸成这样	None
你还真以为女权是平权?	None
你不知道昌都是西藏？	None
你大概超本一多少分啊兄弟？安徽那年高考	None
你是被中国女性伤得多深？才会得出这种强奸犯式的结论 给你机会去那边你肯定开心得不得了吧，你终于可以为所欲为地报复女性啦～	None
称赞能干就行了，非要贤惠干什么？	None
被女生轮流摸蛋蛋的感觉怎么样？	None
河北？河南、山西？ 大概率是河北 哈哈哈	None
我记得青海西宁一带读作“甲剌”啊，从小说到大的，难道是演变了？	None
那应该怎么办？把两情相悦的女朋友让给他？	None
后来女主不是又来了个邓玉如复活吗？所以把她尸体化了	None
我想提一提，如果你想下一代实现阶级跃迁，在美国和在中国对下一代的教育投资会有很大的鸿沟吗，你要说那小孩随便上个街区的小初高混个毕业就能藤校我铁不信，就凭刚足穿住温饱的薪水他们怎么实现往上爬？	None
咱们的百姓比小日本富裕了？吃穿教育养老都比他们强了？	None
卧槽，作者写这个东西不嫌恶心吗？俩男的	None
居然有喜欢硫磺皂的女生？ 那得找个喜欢你汗渍味道的男朋友	None
那么跳绳能够瘦臀腿吗，对梨形身材臀腿特别胖的女生来说？	None
大学想要历练自己？中国南北选北方北方首选山东，不踩雷概率全国第一	None
为什么这表里没有香港和澳门？不属于中国吗	None
额，不用洗衣液用啥洗？宅男表示好奇	None
湖北不是早就用全国卷了吗？	None
我就是喜欢白的，看了开心，生理反应是大自然的规律哪来那么多有的没的沙比问题？	None
苏北哪个地方鸡蛋里加糖？	None
不觉得约炮的男性恶心，你会觉得大街上连在一起的两条狗恶心吗？	None
男星啊，刘亦菲算？难道又黑变性了？	None
合肥要求竟然有这么高了？（我上的大专，在安徽）	None
你宁夏的？你们那是不是骑骆驼上学？	None
贤惠，又贤又惠，那不就是又好又便宜，可得性很高，信手拈来，又感觉不怎么值钱？	None
江西前两百的理科生?好奇为什么会报HIT,能请问你报的什么专业吗？	None
所以剧情都是脑补？当众去侮辱一个女性你觉得这样好吗？	None
河北保定满城加油站？	None
北方成功与将新疆西藏蒙古纳入版图，哪个更有含金量呢？	None
是 有点道理 可是基本重男轻女都是伤害女孩子啊 我们女孩子做错什么了?	None
朝堂上坐着的是老爷子多还是老奶奶多（我甚至找不到一个和老爷子相对应的、女性的、不带贬义的名词）？	None
其实今年的上海车展其实从穿着上来看还是有车模的，只是没站在车边上罢了…至于她们的工牌上写的是什么很重要吗？ 反正我去拍照的时候都嫌她们碍事的…	None
那你和上面的那个一起联名让合肥独立啊，你以为皖北想在安徽？让你们这些土著想屁吃	None
这不很正常吗？都是讨厌入侵者，日本侵略中国，	None
中国少数民族被压迫？各种政策倾斜 高考加分，我多么希望我是少数民族啊	None
老哥突然回复了两年前的评论……啊浙江省大部分城市的待遇应该还可以啊老哥，敢问是什么级别的医院什么科室呀？	None
上海是亲儿子，你不懂的，连深圳都在经济上超过香港了，何况综合素质更强的上海？	None
你不看看香港美的的保险费多贵，的确赔的广配得快管得宽，你知道多少钱吗？你现在用收入几成买保险？猜猜在美的用收入几成买保险？	None
那会日军还未在东北做大，为何不调中央大军收复东北？	None
这篇文章以及原问题关于信誓旦旦，有女权的事吗？女权主义只是表明平权罢了，文明社会不应该平权？很过分吗？	None
你这不是自相矛盾么，法国女性劳动参与率比日本韩国都低，所以法国女性地位低？太一刀切了	None
男性婚外情难道不被鄙视吗？我觉得王宝强这事根本就不是简单的婚外情，而是婚姻诈骗	None
讲道理你让大家还怎么相信你是直男？	None
我也有一个问题，供思考：女孩子，（信息社会）不做（不会）数据分析，职业前景在哪里？	None
你们是哪里啊？我们贵州考试在进入超车路段是不能停车的，停车就扣100分，只有在超车过后才能临时停车	None
说你贤惠不是让你多干活的意思么？	None
东北的话不奇怪，个个都想安逸又想高工资，但问题是都安逸了，价值从哪里产出？收入从哪里提高？	None
您好，我在上海三甲医院用机器测出来瞳距65，但是一年前在眼镜店测出来62，想问下是极其测的不准吗？	None
女朋友前面不加一个前？	None
你艾？先在艾尔杰弗森在cba的新疆都没机会上场了，他在cba已经混不下去了	None
原耽女孩？	None
女孩不需要自己打拼吗？你这也算是重女轻男了吧，不可取耶	None
是香港股票账户吗，不用去券商开户吗，是去银行开户？	None
湖南或者广西？各个地方财政与重视教育程度不一样，性价比的话贵州云南不错，高工资的话，深圳好	None
江苏就没超级中学吧？	None
这种男孩子在哪里？ 放开让我来	None
存在的，之前玩ymjh的时候，跟一个宁波的网友说过我是河南开封的，他开口就问“那你们那里有井盖吗？”	None
为什么一定要有一方是t呢？	None
小哥哥，我是2019内蒙古文科生，如果想学俄语，去吉林大学读本科，然后考北外或者上外的研究生，以后就业情况如何？	None
你确定不是来show女友的？	None
西北用手机是不是不方便，没信号？	None
这个我真笑了，你当大陆是台湾？还要强制征兵？	None
既然你是律师，就该知道不调查取证仅凭臆测就得出结论是多愚蠢吧？你搁这儿说的所有言论，都来自于你的臆测，接着就开始树立男性崇拜形象抛出女拳言论，你这是来引战的？	None
你为什么报考吉林大学？	None
宁就是支持堕胎法案的那群憨批之一？[好奇]就因为 孩子是无辜的 这句p话所以帮强奸犯抚养孩子还成了受害女性的义务了是吗？	None
某党坐拥东北这个 共和国长子 以及日本留下的工业基础，愣是把东北弄成如今这副衰样又是什么水平？	None
父债女尝？	None
写小说的山东汉子，这是故事还是事实？	None
破防了？我意思是这两者不管选哪一个都是错，救儿子错，救女儿也错，然后你在这义愤填膺的指责母亲重男轻女和选择救母亲被女朋友指责不爱自己有什么区别	None
请问男二婊在哪里？为了给男一洗白，逻辑都不要了？你未成年吧	None
理论上是可以的，不过，一旦怒气上头了，谁能保证不多绞一会？台湾一警察回家，发现家里有小偷，搏斗中，以片羽绞制服对方，但是……绞的时间过长，小偷死了……死了……死……了……	None
对呀，物理压轴题山西二十多年没考过杠杆了今年考出开了，这也能押到？他家上辈子算命的？	None
你们缺尖叫妹子吗？，你们缺女猎手吗	None
啊啊啊啊啊啊甜热热超级仙女超级好看，简直想给全世界安利最美好的她?	None
现在这个环境下估计很难，本来生育率就低，还婚内强奸，如果轻易就能认定，这让男的也无所适从啊，那些有轻微性虐倾向的又怎么办？	None
那你生个男孩咋办，塞回去吗？	None
那你又凭什么代表所有男性？打自己脸吗？	None
所以就关你内蒙古农业大学的事了？	None
难道我大甘肃不属于北方？	None
同贵阳，19万能拿下s60？	None
楼主，想问下你，天津或西安软件行业发展好吗?值得去吗？	None
当时吃麦当劳被察觉的时候，你应该面不改色心不跳地说，这是融合中国特色的麦当劳，你看这个甜筒的奶粉就是正宗内蒙古奶源，味道是不是不一样？你品，你细品	None
你可能弄错了一个概念，亚裔并不是指中国学生，他们绝大多数也不在中国长大跟接受教育，所以你确定自己的说法make sense?	None
所以我一直蛮奇怪，既然很多中国女生像你这样以结婚成家为目的，找到合意的对象就是无与伦比的幸福了，那还要女权主义干啥？	None
安徽省会南京？？？	None
200一天？ 广东这边才30一天	None
2021房贷收紧以后，是否可以用经营贷买房？是这样，题主有一个正常运转的公司，想咨询一下是否可以用公司的名义抵押名下的房产，办理经营贷款，然后一部分用于公司运作，一部分用于买房的首付？还有一个问题，如果将名下房产通过买卖方式过户给自己的亲戚，是否需要产生交易	None
金庸笔下最老处女？摆明了是天山童姥嘛	None
春园……东北银……吉林的？	None
【男主犯组织卖淫罪】 难道是男主带兄弟们去了白马会所？	None
不是所以流氓都是会侮辱女性的，大哥而且，不尊重女性的男生有什么水准可言？	None
我翻了一些评论，我想说一个问题哦，是不是帮助弱者就是自然法则?	None
为什么有些男生会反感「老实」这个词？	None
又不是我要搞休克疗法的，什么叫我一句山西休克疗法啊，怪我咯？另外，你投到内蒙不搞休克疗法，钱就拿的回来了？投错了就是投错了，怪我咯？	None
阿里联合雀巢制定标准，你觉得主要是为了什么？？难道为了发展云南咖啡吗？	None
她要是找个嘉宾说你没底线，你垃圾，都无所谓，上来就aoe所有男性，找死吗？	None
仙女我真的只认刘亦菲，郑爽的粉丝怎么好意思叫她小仙女？30了，哪儿仙了？	None
悄咪咪 你是重庆的撒？	None
我在河北，河北冬天温度知道吧？湿冷，我也是只穿个内内加个夏季的长裤，上面就是长袖加个薄外套，家是内蒙北边的，回家时才穿上厚衣服，毕竟冬天是真的冷	None
大猪蹄子四个字能和女权扯上关系?生活很苦吧您	None
题目里不是写删除了教育部分吗？“加州州长布朗（Jerry,Brown）一口气签署通过了36个法案成为法律，其中包括备受争议中修正后的AB,1726亚裔细分法案，	None
什什什什什么⊙?⊙？男孩子?	None
那里成反抗压迫了？女子出轨，被丈夫发现成压迫了？	None
那个论点基本没错，不然怎么各种高科技越来越依靠外族裔尤其是亚裔？	None
日女不顶？	None
少女的酥胸？不存在的，明明是阿嬤的垂奶	None
我挺好奇单身的男偶像粉丝疯狂我可以理解鹿晗都他妈有女朋友了粉丝还这么疯图啥？想不明白呐	None
一套露营装备的基本清单是怎样的？	None
北京的房租高，还有这么低的工资？	None
那意思是你也在衡中上过学了？？ 你怎么就知道是他祸害了整个河北呢？？？没在里面上过学就别逼逼 OK？	None
斯大林不是音译的吗？？还有什么西伯利亚山往南，鬼啊，九江明明是江西的，为啥要把俄国和中国古代混一起 差评	None
有些男的都喜欢比自己弱很多的女生，因为好欺负[捂嘴]我才170，也有男生说我高了，驾驭不住，我说咋滴？你是找对象还是找一个任你打任你骂任劳任怨的奴隶啊？	None
我应该是，一眼姬？ 哦不，是一眼T…	None
怕因忙事业而耽误孩子的女性，她们的孩子有多好？	None
妹子你有没有男朋友？ 没有的话我觉得我们可以凑一对～	None
不是打到汉城有日本请求和谈的事件吗? 一个选项大意是“同意和谈，但要求日本交出侵占中国的全部领土”，结果是日本吐出东北，台湾，朝鲜独立成大韩民国 别点另一个“等南京30万同胞血债偿清就可以和谈了”，这个要你直接打到东京让日本无条件投降……	None
反转了，山东大学本科生造的车你敢开吗？	None
好奇如何看起这样的男朋友的，拯救心态还是贪图美色？	None
现实宝石那个，灭霸不是想看看闺女是不是在乎自己嘛？	None
你去过几次香港？	None
我跟我妈解释的时候我妈就说重男轻女不是当初的社会本质吗？[捂脸][捂脸]一下子被问懵了很久之后才想到对策	None
你敢闹吗？ 你敢不服吗？	None
男的讨厌也是嫉妒喽？用自己臆想去答题	None
我能吐槽我们的七夕么，牛郎偷走织女衣服逼迫嫁给他，和拐卖妇女啥差别？ 聊斋志异，男主穷鬼一个，总是能遇见家财万贯的美女，像脑子被门夹傻了样倒贴，哄鬼呢？	None
这句话把北京换成你家乡你觉得恶心吗?	None
云南大学？？	None
第二个男友为什么会认为是出轨？女方不应该有反抗行为吗？而且既然是尾随qj基本都是在室外吧	None
n个问题下看到你阴阳怪气了，广东招你惹你了？	None
在西北晚上是不是会遇到狼？	None
平权是为了可以在这种图片中实现男女平等，这是男性受压迫的表现？	None
你一点也不偏激，贤惠这样的词真的是什么好词吗？	None
林书豪身体素质好代表中国能出很多林书豪？美国两千万亚裔最近几十年出了几个林书豪？	None
喵喵喵(=^? ?^=)小仙女鼻子哪里做的呀？( ﹏ )求安利	None
这女的咋都这么倒霉，哪个鬼都上女性得身，有鬼神，难不成也是重男轻女？	None
什么时候河南也是北京的了？	None
你们家是山东的吗？感觉很多卖樱桃的都是山东的	None
那个男的问的那两句话，到底是嫌弃她以前不好看，还是嫌弃她整容？	None
喂的罗是啥？黑龙江那边的词？没听过呃……	None
[好奇]我就是单纯很想知道河北省直团购房还有没有可能有了hhh听说上一批是1415年的事了？	None
DNA之母富兰克林：因为是女性，就不配得到诺贝尔奖？	None
“你不是东北的吗？怎么这么怕冷？”	None
别称西北医院吗？	None
我想知道你说的那个新疆的媒体工作者姐姐是不是姓黄？	None
哥哥好帅，有女朋友了没？	None
跟角色男女有什么关系？说的怎么有点恶心呢	None
负负得正？ 不过友情提示下，西藏紫外线水平比较高，不要过长时间晒太阳	None
你知道福建那么好的位置为什么穷吗？	None
那若不打算洗河北的话…这件事是不是还会被盖着？这么想想的话更恐怖	None
最恐怖的不就是我们现在用种种想法去揣测男女主的内心么？	None
你觉得河北教育资源高到哪里去？还有你觉得二卷比一卷难？	None
你都在上海呆不下去了，还在乎那一个上海户口干啥呀？等着你的子女在上海上学吗？	None
你是那个在youtube上发各种关于新疆视频的那个古丽么？	None
送点零花钱赚一个女朋友？送十几万的礼物滚床单？	None
学姐，河北大学和河南大学教育学哪个更好呢？	None
浙江 小姨子 难道是江南皮革厂 ？	None
你没有看文章吗？这个叫兽借着给这个女生讲解课堂的问题，带这个女生上车了，然后就想强奸她啊	None
最离谱的就是国内媒体报道时也要给Nigger这个词打码，什么时候国内也有这种可笑的政治正确了？	None
不是有个说法叫:强奸优势吗?就是高的男性生育在原始社会生育概率更高	None
16年河南吉大611，比吉林大学分数线多100分711去清华北大不香吗？想选专业去复交也轮不到吉大啊？	None
想要温柔贤惠的老婆都有罪了？	None
我总感觉你跟我是一个省的 答主也是云南的吗？	None
题主难倒没听过一白遮百丑这句话？	None
北京考研成绩啥时候出？	None
男孩子怎么援？	None
你在上海哪里？上海哪里的京东配送点服务差速度慢，你去投诉一个离职一个	None
[好奇]虎？和河南啥关系	None
小仙女(￣ε(#￣)要是和一个室友冷战怎么办？我已经主动搭话了但是关系还是没用？感觉让我精力都分散了( _ )	None
您是苏南的？	None
女生适合做数据分析吗？	None
欧美天天鼓吹中国威胁论，他们亚裔还觉得中国落后？	None
请问我们国家五千多年历史，哪个时间段以黑胖为美？	None
四川的？	None
又开始脑补了，我哪句话说不让少民同胞平等追求自己的价值了？我是说的应该给落后地区不分民族一律加分，没说不给少民加分吧？我就问你，佟丽娅韩磊他们的孩子应该加分，需要加分吗？还是大西北边疆地区连飞机高铁都没见过的山区汉民少民该加分？	None
10w位次左右还能读二本吗？省外也可以我的高分喷雾好像都喷给分数线了浙江考试院真有你的降了一分等分数请问十万左右名次大学还有得读吗？	None
清新？大多？一个个女团跳起舞来感觉穿着打扮妆容还有搔首弄姿挤眉弄眼的动作，感觉就是软色情，观众也心知肚明吧	None
要求母亲原谅出轨男，这不就是鼓励出轨？出轨男有付出代价吗？	None
莫非答主是那个母女play的吴南海真身？	None
为什么会有重男轻女这个现象呢？谁能解释下	None
基佬处心积虑骗婚也能说男女都有问题？	None
抛开北京奔驰不说？	None
抬什么杠啊，你说的汽车这好那好的非得在上海做么？就不能去湖北？汽车行业在上海各行业比较下来不是低端的么？你留着汽车市场和研发实验室就好了，整那么大个工厂在这边有必要么？招一帮优秀硕士当力工，白嫖	None
把“贤惠”换成“家政A+”是不是听起来就好很多了？	None
广西的同胞们，真的是这样嘛？如果是真的，我不去广西了	None
好客山东，美丽福建这些呢？这种霸屏率比成都高得多吧？成都现在在央视的标语是成功之都	None
沈阳和大连，哪一座城市潜力大？	None
我这种扣jio大汉最喜欢钓单纯的粉丝小妹妹啦，小仙女，亚拉奈一卡？[爱]	None
贤惠这个词被曲解了，贤的意思是有品德，惠的意思是愿意付出，这本来就是很好的品德啊，为什么要生气呢？	None
我的白俄美女没喝点儿？	None
这样的程序猿小姐姐有男朋友了吗？ 一直想找个程序员的女朋友	None
又想起东施效颦的故事，东施被嘲笑只因为她是个丑女，换个美女效颦，必定又是一段佳话，有什么原则可言吗？	None
你能分清楚河南安徽河北山东青海甘肃内蒙和东三省的区别么？	None
女权这个词和平权本来就不是相对应的，女权对应的词是男权，但是我们一提到男权想到的都是啥？	None
自己搜河北邯郸永年，造谣很好玩吗？	None
难道是重庆？	None
男方自我感觉良好，抱着同情骗炮，骗了爽了找到好的就跑，还舔着个逼脸说女方没有责任吗？？	None
我想把有applecare的iPhoneX卖掉，害怕快递过去对方掉包，所以只接受北京面交，一手交钱一手交货，恰好我是北京的，所以我就是个骗子？？？	None
想起了那个唐僧在女儿国抒怀？？	None
贫穷社区也负担不起好的老师和高中教育，你这不是说中国么？	None
请问知晓四川省教师招聘哪些地区招考没有专业限制吗？我是财务管理专业，想考小学教育，但是大部分地区都有专业限制	None
你家在江西景德镇，那你家是不是做瓷器的啊?	None
地域黑？事实上当年偷井盖的不止河南的，有没有去查过？这样说话真的不负责任同时显得好肤浅	None
为啥要去帮那个小默？,以后那个小默肯定会来祸害中国	None
有一次翻了翻高中语文课本，留意了所有作者，我 怎么几乎都是浙江的？？？为什么我写作文就goupinutong？？？	None
早咧了？鲁南或者苏北地区的？	None
糖水？广东淫	None
上海不是按照工作年限还有加分吗？所以上海户口没有那么难拿是真的了	None
其实让你疑惑的不是这个朋友的性向，而是他的行为，其目的是什么？	None
东北黑龙江?	None
哪句话提到不许中国女性与国外男性交往？	None
贤惠对标老实？ 我看傻了真的，真当贤惠二字是做饭洗衣那么简单？	None
没明白，为啥仇日抵制日货就不能向日本学习了?你开个日本车买盒日清方便面就是理性爱国了?	None
有湖北大学的资料吗？	None
不是说女的出轨么？	None
我和你症状一样，好烦啊，大概一年多了，小仙女最近有没有恢复一些啊？	None
我很疑惑既然直子真的爱男主那为什么在被男主看到啥的还是会觉得不舒服？？？[思考]	None
那对于女性而言就能为了老公不出轨容忍他出去嫖娼了？	None
呦，龙牙在西藏能买到泰山烟？	None
