Question	Potentially_Pejorative
人站在地球上为什么没有头朝下的感觉 	None
我的小baby	None
请问这起交通事故是谁的责任居多?小车和摩托车发生事故，在无红绿灯 	None
松本面板可以配什么品牌的超五类模块?? 	None
请教怎么能很快能洗干净猪肠?有什么方法 	None
毛孔粗大怎么办我脸上长豆豆,出油,额头,鼻子上,脸上都有毛孔,很 	None
黑河市治疗癫痫最权威的医院有哪些 	None
替人垂泪到天明－－商业用语一 	None
本期铁胆罗马强势单3 	None
降压药的选择不知道波依定和洛活喜两种药各有什么特点，适合哪种人服 	None
有6区无尽之海众神之子工会的吗?你们会怎么了?看不见人了,解散了 	None
老师好，青青稞酒明天再跌就可以建仓了吗？谢谢。 	None
onthesouthofthecity是在城内还是成外？ 	None
古代官职升迁又怎么说的，比如：拜。。。最好还有例句！ 	None
在离心管中加入水和密度小于水的小球在倾斜的离心管中加入水和密度小 	None
邯郸市哪里有卖纳威沙发 	None
请各位老师讲解！如图所示，，A、B是圆的直径的两端，小张在A点， 	None
Word文档,一页半文字,怎样调整使其真好布满两页? 	None
出大事了出大事了你知道吗武汉江夏公安分局接到群众举报电话,说在天 	None
简单的地理基础知识填空，要100%正确（一）考点知识清单一地图1 	None
下体很痒怎么回事?是什么原因呢?长了一些像疹子一样的东西,正好我 	None
为什么手机连不上wifi我的手机型号是lephone1800 	None
请问吃紧急避孕药月经推迟多久才是正常的？我因为吃了那药，月经已经? 	None
霉菌性阴道炎会上行感染胎儿吗目前未确定怀孕但怀孕可能性较大，我1 	None
公鸡和母鸡是怎么交配的如何受精产生小鸡 	None
word中想只插入一个键箭头如何居中？我在word中，我想打一个 	None
怎样快点长高我160想长高5厘米怎么可以长高 	None
根据我的中文名来取个英文名苏金凤根据我的中文名来取个英文名本人苏 	None
16个月男宝宝长8颗牙齿??我家宝宝16个月:1、才长8颗牙齿( 	None
求解，这是什么东西啊？ 	None
DZ怎么才能在大战场立脚我的盗贼无BUFF3700血，为了拿2把 	None
宝宝腹泻一周，吃了药不见效，用换腹泻奶粉吗？已有宝宝:年龄1岁2 	None
一元一次方程!车间有28名工人,生产一种螺栓和螺帽,一个螺栓的两 	None
电影票房是怎样计算的？ 	None
将SO2气体分别通入什么溶液中能出现下述现象？①紫色变红色;②紫 	None
请问什么工作或职业最赚钱？ 	None
重庆哪里可以治疗尖锐湿疣能不复发 	None
西方经济学论文代发怎么样？各位都有这方面的经验吗？都尽量说说吧 	None
上古运动会有人作弊吗我知道上古运动会的时间是下午的3点5点和7点 	None
大纳智捷生活馆是怎样看车的？ 	None
期任九108元初单!欢迎指教!!1年轻人vs利物浦2乌迪内vs安 	None
真有这么巧的事？建立个小弓和一转前的武器前4手上了3个G10老婆 	None
怎么安装双系统？知道的进，高分我现在用的是XP系统，但是我还想安 	None
九年级相似图形在梯形ABCD中，AD//BC,E是AB上的一点， 	None
华夏公司网上交易使用的广发卡是广发理财通卡吗？如题，广发理财通卡 	None
历史上西施活了多少岁？ 	None
我儿子从高一上学期与班中的一位女体育特长生关系密切后,发现他对学? 	None
请问11服的钢铁原石值多少钱呀？ 	None
宝宝这是鼻炎吗？宝宝鼻塞半个月，刚开始的鼻涕是白色带黄，后来是黄 	None
用了祛痘洗面奶反而脸上长痘痘了怎么回事啊？ 	None
《项链》的作者是谁 	None
不睡枕头对颈椎病好吗？他们说有颈椎病的人最好不睡枕头。 	None
怎样才能使自己的内心强大起来！ 	None
他这样是爱我吗？我们是经人介绍认识，认识到现在已经有三个月了，自 	None
竹炭煮水的好处在水壶里放两大片洗净的竹碳，坐水时一起煮，这样的开 	None
上海哪家医院治疗输卵管堵塞好 	None
冬天进补好呢还是夏天好？ 	None
夏季如何进行饮食调养养生？ 	None
请问钨，钼，钨铝丝的居里点是多少？ 	None
我写了我的姓名和身份证号码通过哪个未成年许可怎么像是没反应的啊? 	None
为什么会得癔症 	None
形成胆结石的原因是？ 	None
外贸服装哪里进货像“第一街”“署光里”那些外贸服装都从哪里进货 	None
辐射防护该怎么做呢？ 	None
我好心疼哦！！！我听说喜欢的人已经有心上人了，我好心疼哦！你们可 	None
我就贷款买基金了今年贷款买了好多的基金啊，收益25%还多从八月到 	None
鬣狗和野狗的外观和毛色都差不多,为何名称不同? 	None
同花顺2007标准版和同花顺盛大密宝有什么区别同花顺里有同花顺2 	None
T	None
主板启动电脑？想问一下在主机开关出现故障时，直接利用主板如何启动 	None
的鼻子很大,而且没有鼻梁,难看死了,有没有办法变小或者鼻梁变挺? 	None
老是感到胸闷,是怎么回事?我40岁,老是感到胸闷,喘不过气来.有 	None
今天我MM被诊断为肺炎，虽然她确实高烧，可是并没有咳嗽症状，这个? 	None
电信1黄金车身1型的价位在多少 	None
通过qq如何控制对方电脑? 	None
这两天嘉实300和南方稳健都要大比例分红了.分完净值都在1左右了? 	None
穷在句中的意思穷追猛打中穷是极端的意思还是彻底的意思 	None
电子词典选什么牌子的？五一想入手一款电子词典，该选什么牌子的，要 	None
谁帮我捉1只火暴萝卜和1个火爆樱桃是火暴的 	None
女人体香是怎么回事 	None
有关专利发明奖金是否要缴纳个人所得税哪位大仙知道：公司对职务发明 	None
请问这句莫名其妙的诗句是什么意思？完整的如下：太窥门夹豆,丫洗盆? 	None
微博是不是可以有个类似于qq空间的功能，谁来微博主页了就发个消息? 	None
55级的菩提宝杖从哪打出来的？ 	None
都是新手问题，帮助新手的，非常简单，新手请回答，问题一说出一个怪 	None
什么是社会主义?社会主义的本质是什么, 	None
重庆大坪医院打胎大概多少钱？ 	None
魔转物那个技能几级可以学,哪里学啊 	None
全力火弓有前途吗??我是15级全力火弓``请问各位大虾,有前途吗 	None
地下钟乳洞（地宫）怎么去？要在哪里接任务，还要打什么东西吗？哪里? 	None
3个战场的双倍声望时间?请说的详细些。 	None
从上海森勤国际大酒店到上海维也纳国际大酒店有多远？ 	None
淡谈真三武名系统取消后的波澜关于这次武名系统取消，同意的占大多数 	None
为什么上海地铁单单只有上海马戏城站的站台上有门？同标题！ 	None
关于基金啥叫前端申购代码,后端申购代码.有啥区别.有甚么作用. 	None
小联赛足彩延期开奖推迟比赛或310全算对新浪体育讯　北京时间12 	None
进入易玩通网站怎么看不见我还有多少点呀，还是0点，去哪能看到 	None
北京哪里礼物便宜？毛绒玩具哦！质量也要好！ 	None
大家都买了多少钱 	None
５０级敏白妖加点问题我是５０级敏妖拿刀，请问那个点是加什么好呢？ 	None
麻婆豆腐怎么做才入味呢? 	None
高三数学题，急求，在线等据研究，甲，乙两个磁盘受到病毒感染，感染 	None
关于一石二鸟的问题看见有些人再说，1s2n无视护卫？我记得不是的 	None
帮派公德怎么弄啊!!!!!!有什么用啊!!!!!! 	None
没完没了的8场了...(图) 	None
怎么下载网校带手写的讲义? 	None
为什么老担心家人出事为什么脑子总要胡思乱想老担心他们出事?有什么 	None
关于准生证的问题我有单位，但档案在人才，而且我单位没有计生部门， 	None
每期4场竞猜，全对送50分埃弗顿	None
换工作了，公积金和保险怎么办大家好，半年前，我和原来的单位闹翻了 	None
咨询我的系统是WINDOWSXP，我光大大智慧安装好以后，都没问 	None
怎么还在维护怎么还在维护 	None
如何形容美女有气质 	None
管理员来下~为什么我回答问题，回答后的答案不见了呢~~~~想重新 	None
猫游记禅怎么装备啊！！我去挂禅很久了，也没怎样禅怎么装备 	None
优先资源配置就是优先把内存分配给游戏那一部分,让游戏运行得流畅些 	None
电脑问题咨询我的电脑屏幕两边是黑的只有中间是屏幕我应该怎么搞才能 	None
有没有超搞笑的笑话告诉我 	None
开办网上购物网站，需要办理哪些手续？我想开办一个网上购物的网站， 	None
08年28号新诛仙有电信新区吗?我想问下08年28号的新诛仙六道 	None
哺乳期可以用雪山金罗汉止痛涂膜剂吗？宝宝二三个月的时候我一直抱， 	None
请教高手一些关于祖尔格拉布硬币的问题，请问各种硬币怎么交，交了以? 	None
新版微博的密友功能是什么？ 	None
清泉老师好.000851怎么办?谢谢 	None
有在大自然给宝宝照过百岁照的朋友吗？提前多长时间预约，一套一般偏 	None
做爱能治疗青春豆吗？听朋友说做爱可以治疗青春豆是真的吗？有没有科 	None
在查找过程中如何知道要查找的具体QQ号码是否在线呢 	None
为什么药物治疗脱发会效果差？还可以能过其他什么方法做呢！？ 	None
会长是女仆大人会出第二季吗?会长是女仆大人漫画快要完结了哦,动漫 	None
如题，如何做好一个优秀的网页美工？ 	None
找人问题在公明有没有重庆开县人啊 	None
重装型不能用更改颜色不是说涂料是对应全机种吗给个合理的解释。 	None
谁知道是什么类型的字库啊,谢谢 	None
我的网络走代理，能不能玩天2？我的电脑是局域网中走代理服务器的， 	None
光通有打算将传奇３Ｇ变为免费的吗 	None
关于卡屏（假死）在用LX天堂双开时，一般刚登陆的前几次保姆或者打 	None
请问一下忍者高手？我想开一个专门ＰＫ的忍者．．．应该怎么加点ＰＫ 	None
男友说，对我还需要3个月的考察期，是什么意思啊？我跟男友相处时间 	None
RMB!!!这问题没有分!!!刚才问完前面一个问题后,数了一下自 	None
请问，杀毒软件——麦咖啡和瑞星比较，哪个好？ 	None
f(x)在x=a处可导，f(x)的绝对值在x=a处不可导的条件？ 	None
猫咪长蚤子怎么办？ 	None
眼睛长黄东西？眼睛里面底下长黄东西，脓包似的，是不是上火，咋办？ 	None
电脑培训班学习网络工程师专业。北京那家学校不错？在南城上课 	None
下载小说问个问题，可能有点傻，怎么把书架上的输下载到桌面，有办法 	None
请问在网上地税申报中，在做综合申报表时，实际缴纳税额，已（抵）缴? 	None
1982年7月22日查询星座阴历1982年7月22日是什么星座 	None
想做泰韩正品护肤品，能代购吗？ 	None
手血热怎么办 	None
哪支基金与广发聚富的相关性小呢？我已买了广发聚富和南方稳健Ⅱ号， 	None
银色黎明声望问题我的银色黎明的声望已经到了友善，是5999，可是 	None
12岁小女生剪什么样的短发好看？发质软，细，头发较多，什么样的短 	None
如何进入游戏帐号申请完毕后如何进入 	None
高一物理关于加速度用枪竖直向上射出一粒子弹设空气阻力与子弹速度大 	None
13岁的大城市小男生喜欢什么样的生日礼物? 	None
问题.来看看0.40的补丁下了解压怎么还是不能进啊.还是说版本底 	None
我的通过了一些算命的说，我的命适合去理佛？我很恐惧怎么办呢？ 	None
网上哪里购买月卡最便宜,怎么操作,会不会受骗,有没有安全的,谁买? 	None
腰疼是怎么回事我近两年来站久了总是腰疼而不是腿疼，是不是和肾有关 	None
在5173买游戏帐号会被找回去吗我打算再5173买个游戏帐号&l 	None
进不了奇迹世界为什么总是提示文件升级失败然后就退出大区选择界面， 	None
请教水煮鱼的做法告诉我吧！ 	None
很不爽,发烧怎么办? 	None
听说斯巴鲁的车都是全时四驱的？好处在哪啊？懂的给说说！ 	None
请问我的显卡是ELSAFX534P为什么游戏功能选项的游戏画面中? 	None
极限特工2中在直升机上的那个光头白人是谁?那位黑人老兄越狱后，一 	None
哪位朋友有李赋宁编写的《欧洲文学史》？请问哪位朋友有李赋宁编写的 	None
点卡充错区了怎么办啊?我是华东飞花用户.充点卡的时候鼠标滚轮滚了 	None
苹果手机壳哪个品牌比较好？ 	None
民法选择题有限责任公司属于（)A.社团法人B.财团法人C.营利法 	None
他和我都互相喜欢，但是他有女友。最近他对我的态度是有点怪怪的：不? 	None
我家宝贝从2岁多就开始晚上睡觉偶尔有磨牙现象，现在4岁了，每天晚? 	None
怎么免费得Q币，有什么好方法？ 	None
从幻境7层怎么到幻境10层啊？谢谢，大虾说下啊 	None
男生心情不好怎么办？他是我的一个很要好的男性朋友，最近的他总是心 	None
饮用水反复烧过的水喝了后对人体会造成那些不好的影响? 	None
世界最大的淡水湖 	None
学历不同的爱情女的是大学生，男的是初中生，但是他们很相爱。他们能 	None
决战摸爬滚打的岁月（一）英雄的年代做人太久，是英雄代理最大的痛苦 	None
退休了，？怎么办一转眼，就退休了，该怎么办？有点不知所措。请朋友 	None
2012年做什么生意好呢？2012年不想给人家打工了，想自己做点 	None
脐带绕颈，急！！！孕30周做B超检查出宝宝脐带绕颈2周。看到结果 	None
什么是卢森堡公国？？请详细一些，谢谢 	None
一个小问题大家看下问下师们任务就说钱面怪任务吧,我在网吧上时间要 	None
68及豪杰血2000+少吗,加体魄会提高防吗? 	None
新浪微博登不进去了说什么“我们发现你在新浪的帐号密码与其他网站被? 	None
武林外传里的剑圣怎么加点好？ 	None
“屋漏偏遭连夜雨”，下一句是什么？请指教… 	None
请告诉一下我好吗？如果做完流产手术一个星期后就不流血了，还用去医 	None
愁啊，孩子的早恋问题！本人工科博士、教授、博导，每天很忙，为了孩 	None
最近好看的韩剧类似于请回答1997这部剧的......很好看，推 	None
求欧洲杯欧洲杯小组出现详细规则 	None
SS的困惑不知道大家看没看今天官网上发布的新技能，SS以后打架还 	None
神盾估价，高手进！40级掉2血1防神盾，有技能，精神成长2.23 	None
隐身侠怎么样用着？ 	None
动态IP问题我是铁通拨号动态IP,近来如上网获得的IP地址是21 	None
好冷呀! 	None
深圳哪家品牌生产的监控摄像机比较好？本人一直想买一台监控摄像机， 	None
高手帮帮忙，我最近想买车，不知道是买86好，还是买B2类的车好， 	None
杭州哪有卖电动轮椅的？老人偏瘫，想给老人买款电动轮椅，价格方面不 	None
三相四线直接接线式电表可否接互感器 	None
什么东西越生气它就越大？ 	None
南开区哪有卖暖瓶胆的 	None
环境艺术和建筑装饰那个的范围广一些？无意中看到的宣传，所以比较好 	None
飘流幻境的。。。。钱要怎么赚？ 	None
NET源码是什么？ 	None
你给别人投赞扬票时会告诉他(她)吗？我注意到有的人每次给人投了赞 	None
为什么我真了修真任务，但修为没长啊，999我啊~~~我是个小WX 	None
澳洲一流大学和普通大学有什么区别?澳洲的一流大学,如悉尼大学、澳 	None
SOS谁知道怎样删除下载的文件急啊要彻底的把曾经下载或拷贝的文件 	None
小孩子长牙时，新冒出的牙顶着原先的乳牙，那颗乳牙要去医院拔掉吗 	None
斑竹请进高手来看急需打造一览表,以前在新手手册里的那个怎么看不到 	None
冰1，魔1的绿色项链能值多少？谢谢！神鬼王暴的 	None
我这个月怎么还不来月经呢,上个月我做爱后来了月经,但是这个没有做? 	None
谁用过“正行列式”怎么算，是否只能用按行或按列展开呀，有没有其他? 	None
给个超级帐号激活码 	None
请excel高手帮忙看一下数据很多,不用复制粘贴,而用公式或者函 	None
为什么取消　财富通支付我一直都是用财富通　冲值的前几天网站维护　 	None
海马怎么吃？听说可以炖汤，请问怎么做？谢谢！ 	None
台服没有繁体显示，英文发音从新浪上下载的台版WOW，安装完后没有 	None
数学一题环形跑道周长是500米，甲、乙两人按顺时针沿环形跑道同时 	None
请教“虚掩的门”大师及各位专家帮我设计一下，先谢谢了！我的房子建 	None
如何练习英语口语效果最佳 	None
不等式的牲质关于ｘ的不等式ｘ一ａ&lt;1的解集Ｘ&lt;2,则 	None
为什么我电脑看不到文件夹名字！ 	None
爱一个人需要理由吗>?爱一个人需要理由吗??怎么能分辨出来是真喜 	None
【壬辰清明谜会01—06】春满清明9笔字一 	None
做肉丸要用什么机器?是不是一台碎肉机及一台成型机就可以了呢?主要 	None
请银行的朋友帮个忙啊回答个问题,好急,谢谢了朋友去年在贵州存钱开 	None
全身经络不通，平湖哪里有好中医的？ 	None
电脑经常出现间断性死机会不会影响它的使用寿命?这种现象对机子各部 	None
奇怪，中国的柴油与欧洲的不同吗？在国内，只要是使用柴油的汽车或拖 	None
做生意的人该如何锻炼自己的交流能力?我决定以后做生意,但是我社交 	None
老年人膝盖骨质增生该怎么治疗，有谁知道的，跪求。 	None
寻一直中线医药股请高手推荐一支医药股，拿到今年底的，谢谢 	None
不能自动关机我是三星笔记本近几天关机后出现蓝屏一大堆英文触一下开 	None
韩国泡菜在哪里有啊？同上 	None
关于扬州的特产的介绍 	None
我很想找到现代西班牙语第一册的全部教学视频，要mp4格式的，请大? 	None
小雨点儿，给我算下dd1aa90d8a40b331b73dca4 	None
在　海南的海边　什么地方肃静　消费底　租个便宜的房子要多钱？一个? 	None
我不会哦，帮帮我！本恩的年龄乘我和泰德年龄的差，与我的年龄乘以他 	None
msn在教学工作中的作用 	None
梦到有人睡在身边是什么意思我男朋友连续6天梦到一个人背对他睡在他 	None
怀孕能吃螃蟹吗现在正是开始吃螃蟹的时节。我现在24周，请问可以吃 	None
头发怎么洗头发怎么洗头发怎么洗头发怎么洗头发怎么洗头发怎么洗头发? 	None
恭喜霆锋成为最适合演藤原拓海的人选。今天刚在娱乐新闻上面看到，认 	None
清泉老师600111怎么操作，明天卖掉吗 	None
博文中放音乐 	None
请问什么时候升级好啊?升级好请大家及时通知我,我的电子邮件是高分 	None
北京西站和北京站有预售火车票的吗 	None
请问焦虑症是一种什么样的病症状态？成都治疗的话哪家医院比较权威可? 	None
为什么北京周边都在下雪而北京却没有下场相样大雪的意思呢为什么北京 	None
"零红蝶的问题　　=====【第五刻】=======　　→得到""逢 "	None
传奇世界魔法权杖升级?升到10怎样升？ 	None
印度发展到现在总共是有多少人口啊 	None
家族技能升级任务中的护宝剑魔在哪里啊??? 	None
冬天口唇干裂用什么保养？ 	None
模拟人生2的基础盘到底有几张? 	None
嘴里起溃疡是什么毛病？嘴巴的上、下唇里经常起溃疡，是什么引起的？ 	None
晒太阳为何会皮肤骚痒我已有好几年了,每到冬天晒太阳皮肤就痒,吃辣 	None
同居是否有罪？ 	None
请问habilitation是什么意思，谢谢Ataverypra? 	None
农村家庭用的太阳能热水器哪个牌子好？因为想在农村做太阳能热水器生 	None
为什么情人节要送巧克力？ 	None
33层的房子能买吗 	None
电信5风灵,一转剑合什么好Z还G,19级怎么升快点250元宝能卖 	None
满腹经纶怎么拿？求帮助 	None
英格兰你让我很失望！我真的十分失望啊！怎摸会这样！ 	None
是哪儿的电话号码?这是个语音电话,又是某某起诉我的官司电话,是否? 	None
"有谁知道有哪些好的""自考""学习软件~~哎~~大一一进来就玩,现在 "	None
建议国际足联把中国男子足球队纳入残疾人比赛.像现在在云南举行的比? 	Potentially
鬼压床是怎么回事啊？有一次我晚上半夜里突然醒来发觉自己想动动不了 	None
第一次见男朋友的父母应该注意些什么？下个月初我男朋友的父母要过来 	None
该不该告诉老公我的朋友有皮肤病，她有个男朋友，她很爱男朋友，但又 	None
已知ABCD是4正整数，ABC平均数为6，BCD平均数为8，问C? 	None
我怎么不能得到激活码啊?谁给我个激活码啊???我试了很多方法都不 	None
有请中央一套！！！32元进球彩大比拼!!!想抢100元的请进!! 	None
国际搬家	None
怎么才能顺其自然的把一个不认识的女孩子约出来呢？ 	None
仙3外的问题5本仙术书.该怎么分配?我想打出所有尸块.也想得到称 	None
有什么药物治疗腰疼比较好 	None
3档3敏粉红估价昨天抓只粉红,现在冲到10级,冲稳定了,掉3敏, 	None
男人需要的最基本的信任是什么我不知道男人是不是希望自己的手机和Q 	None
我的龙能卖几钱ＲＭＢ血４４６９蓝６６５７速度６上限３１１上限２０ 	None
请介绍一下心脏搭桥手术尤其是它与支架手术的区别 	None
6F的ABD和大马什么价？重装ABD包括头手脚盾上下装和大马的价 	None
今年内我经常脱肛,有什么好的办法治?(27岁,办公室上班) 	None
BIOS里怎么找不硬盘启动的选项呢?硬盘启动是那个HDD	None
我二个月前买的联想电脑，现在液晶显示屏上出现了一个亮点，是否正常? 	None
被盗车怎么样找理赔??我的车是在汽车维修车厂的老板搞丢了,怎么样 	None
为什么荆州这个地方,三国乃至后来,都是兵家必争之地?如题? 	None
发育迟缓引起的癫痫病怎么治呢？ 	None
万能的微博，深圳有维修饰品的地方么？断了 	None
英语选择题，希望知道答案和原因，谢谢。 	None
guy到底是只指男的还是男女都指？谢谢 	Potentially
我是一刚开车的出租车司机.请问为了能安全行车,出租车司机开车时最? 	None
我的电脑无法启动了，连自检都没有，于是我把内存条换了一个插槽，便? 	None
广州治疗重症肌无力需要花多少钱 	None
关于5173买号的问题我想在5173买个传奇世界ID.但是我怎么 	None
为什么到12点了登入天2还是进不去啊？是服务器还没维护完吗？还什 	None
A车180和S4重各方面性能来说哪好？跑城市锦标山路哪个好？越详 	None
预备队，看你们啦！今晨，本指挥官在大战前做出了一个决定，部队统统 	None
神奇的微博~[杰克逊]iphone5S好还是三星note3好？平? 	None
法国大学除了巴黎的大学以外，外省有什么好的大学吗？ 	None
咽喉炎复发怎么办 	None
中度宫颈糜烂会变重度吗?去年11月的时候流产后查出得了中度宫颈糜 	None
图片中的狗狗是什么品种？ 	None
新鞋挤脚怎么办我前几天刚买了双新鞋，上午的时候鞋一点也不挤脚，等 	None
惠氏奶粉是否上火宝宝换了惠氏奶粉之后开始便秘，有人告诉我要和其它 	None
天津松江在东疆保税区的高尔夫项目有多大？ 	None
有没有谁上北京舞蹈学院的,你们有没有暑期的街舞现代舞的培训班啊谢? 	None
玄龟金鼎奖品都有哪些啊？玄龟金鼎一到五等奖品都奖些什么啊？ 	None
杀1次海盗得多少声望？ 	None
当你想做爱的时候，该怎样才能让男友知道？是清楚的说，还是... 	None
西餐的作法那本西餐书比较好，推荐一本！ 	None
找一首歌词中有＂万世流芳＂的歌，好象是郑中基唱的． 	None
不是处女了，但想珍惜眼前的好男人！我该怎么办？我在大学时候有一个 	Potentially
深圳的建设银行房贷供多久提前还货?深圳的建设银行房贷供多久可以申 	None
什么是心脾两虚心脾两虚的主要症状是什么？？女生应怎么补？ 	None
什么是整式？ 	None
公务员报考相片分辨率有什么要求? 	None
论地水魔宠之最强老大篇标题大家可以看的出，本人满民剑养的宠有满档 	None
比如我是我是2转的勇战工我有15000的血敌人也是15000的血? 	None
误工费问题：我车压到别人的脚了，伤者没有住院，我需要伤者提供哪些? 	None
关于十字弓妖拿8十字弓和9十字弓的区别多大9十字比8十字少几弓? 	None
高手来翻译２句话　给你１０分Furthermore,FVAS1. 	None
日本人是全世界最受欢迎的？？？？根据英国广播公司（BBC）和加拿 	Potentially
选科困难！！帮忙啊！我三门成绩好，但快分科了，我不知道选文选理。 	None
一个购物的问题知道的告诉我是不是一般多买东西就是比少买的便宜呢 	None
neo巨目怎么样？neo巨目什么颜色最好 	None
感情的困惑我的父母给我介绍个老头当对象怎么办？我今年都30了，离 	None
我和女友半年没见面了`她来找我!我该准备什么给她? 	None
清晨,蜗牛从树根沿着树干往上爬,树高10米,白天爬上4米,夜间滑? 	None
我想办一张能透支的银行卡,哪个银行的好,有什么要求,还有哪个银行? 	None
请问最全面的风水学书友什么？就是关于风水学的一本最全面的书。 	None
求不等式解集函数f(x)=xsinx+cosx+x^2，x∈R， 	None
UT频道加入到收藏夹，为什么重新登陆后没有那个频道？我确定是收藏 	None
★~闲趣谜语（晚）~★穿的都是舶来品（成语） 	None
新天下无双的武器强化系统是什么样的？ 	None
星际的修改高手来看看单位的价格,血和攻防等怎么修改 	None
暗黑有czx吗？dsa 	None
维生素用在脸上要注意些什么吗维 	None
《怒放的生命》是谁的歌曲？ 	None
谁告诉我这是什么鱼，第一次见过这鱼 	None
杭州看肝病小三阳最好的医院是哪一家？ 	None
进入天关后,想多挣点经验,请问是一步一步闯天关快还是去魔王岭? 	None
急急急!日语学校的问题!!!朝阳区哪里有好的日语学校啊?收费不要 	None
昨天到今天3区怎么不能进啊？昨天到今天都不能进1	None
音乐张杰的什么歌最好听(5首） 	None
向世界出发片头曲是什么 	None
求符文之语材料，十字弓的存档 	None
"1区能进去不?怎么总提示""pleasetryagain.""谁知道 "	None
牛牛在此给各位朋友们拜年了! 	None
帮忙我是中锋，可就是板少，不知抢板时该怎么抢，我应站在哪？ 	None
黑鸟加什么好啊? 	None
现在哪个型号手机不错推荐一下谢谢 	None
1999年的高等教育自学考试文凭网上查的到吗 	None
几乎每2天拉一次大便，有时甚至三天。正常吗？几乎每2天拉一次大便 	None
道具服骑宠问题1现在骑宠还有经常吊线的现象吗2骑宠需要什么条件? 	None
我的性格是否正常?我身高一米六二,体重七十公斤,不算太胖.但在生 	None
用电子式表示下列物质C2H4、CH3CH2OH 	None
车间管理人员工资为什么要记入制造费用账户？为什么不是生产成本？ 	None
26岁结婚,婚假10天怎么算我今年27了,结婚应该有10天婚假, 	None
手机带机打发票是什么意思我想在淘宝网上买E72，我问老板有全国联 	None
啊呀,有N个问题,,高手帮忙下啊1.如果把名字是粉色(紫色)的玩 	None
宝宝排便问题我家宝宝14个月了,可是现在拉大便不愿被人把,非要自 	None
怎么样可以早睡早起求解 	None
易趣交易冻结是怎么回事 	None
我跳水时弄伤了脚,下肢毫无知觉,站不起来,大小便失禁,怎么医好啊 	None
最保险的基金？？最近打算做点小投资，银行的工作人员推荐买基金，定 	None
郝海东和李铁在谢联会打主力吗？ 	None
美元下跌底线美元下跌的底线会是多少？大概还会有机会大幅度的反弹么 	None
食品厂可以委托别的食品厂生产食品吗如题 	None
问一个词语的意思～齐鲁晚报上体育板块中，有个词是哪个队“完胜”了 	None
我的小狗生了尿结石，在无法送到有条件的医院治疗的情况下，有什么好? 	None
请大家帮忙看下配置谢谢了啊(tm)xp2000+1.66GHz内 	None
苏联喊“乌拉”，鬼子喊“板载”，那德军和米军冲锋时喊什么？二战的 	Potentially
最进有社么好看的喜剧片?? 	None
淘宝货到付款怎么设置 	None
为什么我的电脑主机的噪音非常的大?我的电脑是五年前组装的,这几天 	None
求解校园勋章 	None
大学生毕业后婚迁的问题大学生毕业时发的户口迁移证是指把户口想迁哪 	None
项目管理是怎么回事？项目管理的定义是什么？项目管理采取何种方式开 	None
宝宝十个月了，最近不肯吃，只吃米粥，请问是不是缺锌？该怎么办？怎? 	None
请解释“复进口”、“复出口”？？？？？？ 	None
多吃鱼有什么好处? 	None
spss单选和多选是要分开录入吗 	None
请问90级的请问90级的秘魔灵珠（抗土9%、抗金8%）到底值多少? 	None
杭州玛莉亚妇产医院就是杭州省妇保院吗 	None
为什么丹顶鹤有时候一只脚独立？ 	None
诛仙2人物头顶的血值和精气值怎么不能设置出来了？？？ 	None
遇到这个情况，裁判应该怎样判罚？当守门员开门球时，后卫（队友）在 	None
个人对魔力和幻想大陆的评价魔力变成今天这个样子（我也难过）我想最 	None
求空竹的资料，空竹历史、种类、辨别、价格、购买地等等 	None
罪案现场8的全攻略！！！！！ 	None
我女儿晚上睡觉总是翻来翻去睡得不安稳而且要踢被子请问是什么原因我 	None
如何避免来牌输？我来牌经常输,如何避免这种情况?问题是我打牌时间 	None
午睡多梦我是一名高三学生午睡在学校宿舍睡一般中午会做作业到一点半 	None
(花卉)植物吃土是怎么回事?植物吃土是怎么回事?植物养了几年后换 	None
网吧不准安装软件。。。在一个大网吧我下载迅雷安装却安装不了还说受 	None
摄像头视频组件启动成功，为什么没有图像？0分我的摄像头视频组件启 	None
怎样将文件的打开方式改为未知应用程序？ 	None
儿童生长疼是怎么回事，该怎么办才好呢我女儿今年才4岁，昨天晚上说 	None
胸腔积液的症状 	None
洁面后依次使用什么护肤品 	None
目前一共有多少家A+H的上市公司？ 	None
请问买卖交割单的历吏记录可以删除吗？在联合开户的，买卖交割单的历 	None
想去闸坡玩两天[嘻嘻]闸坡有什么好玩的？有特色的？好吃的？[委屈? 	None
清明烧纸如何确认死者收到？我从小爱玩火，清明主动负责烧纸钱，不知 	None
如何快速有效戒烟 	None
男朋友出差在外,可以发什么短信以表示关心呢他出差在外还要加班,也 	None
嗨!大家好我是小犬蠢一螂,又和大家见面了!请多关照,要顶哦!(二? 	None
如何在首页导航栏添加文字，并且带有ULR连接？意思就是，在导航栏 	None
电脑听不到声音放什么东西都没声音，但在声音语音音频设备里的音效管 	None
我要争取还是放弃？我爱上一个男孩，他曾经爱过一个女孩并且现在还爱 	None
比尔·盖茨的个人资料？身高、体重、血统？ 	None
D的春天什么时候来?我是五区寒霜皇冠的D本人玩了2个D了(闲的慌 	None
龙有几的儿子？据说龙有十个儿子？问题是那十个。 	None
求救，我该怎么办！大家好，我是个14岁的女孩现在上高中了，但是最 	None
qq被盗之后怎么处理电脑里残留的病毒？朋友的qq号被盗，当时是一 	None
请问一下,下面这句日语是什么意思??らぶデスセクティービーチ全种? 	None
我该这样决定吗？大家帮帮忙！我在一家很大的单位上班，追求同一个单 	None
银行业课题研究报告范文什么地方能够找到银监会或人民银行针对某课题 	None
假设汽车油箱里重加油口进10CM大小的异物该怎么取出?有检测的地? 	None
刷卡？去店里购物刷卡，收银员连刷了2次，来了2条短信，跟店里去说 	None
拜仁上半场不能扳平就别指望胜利了个人意见，看上半场场面这那是受让 	None
这算强奸吗？若女孩子和一个男孩子接触后，她同意到他家里，然后他摸 	Potentially
关于2008年新劳动法，有什么值得注意的，与以往的有何不同 	None
帮帮看看我的问题我的男朋友JJ上面长了一个像小猴子似的东西，不疼 	None
爱问团队有何用? 	None
抢救人员发现她的时候，她已经死了，是被垮塌下来的房子压死的，透过? 	None
脖子中间靠咽喉处两侧有点不适！患者年龄:32患者性别:男病情描述 	None
大学的工科专业,如电气，机械，土木等哪些难学？哪些易学？我以前是? 	None
这两个手表哪个好啊在同等价格,卡西欧和欧米加这两款手表哪个好呢? 	None
就是内存是1G的在我的电脑显示1G我想改成显示2G怎么改 	None
anexperiencedhand如何翻译?其中的hand又如何 	None
100区什么时候开啊大虾们什么时候开100区啊？会和99一同开吗 	None
10万以内家用车老师您好！请帮我参考一下，家用车，5口之家，10 	None
五个月大的孩子照过X光是否有影响？我老婆曾经出过一次车祸，住院期 	None
费用报销冲借支后借支单还可要回吗我借了10000元.费用报销80 	None
我病了，怎么办？我前天全身没力气，头晕，去医院检查说我可能只是感 	None
一道数学题已知三角形ABC中，AB=AC，角A=20度，角CBE 	None
人参的功效听说人参能补一切之虚，是否适合所有的人服用？阴虚火旺体 	None
女孩子补水一般用的都是神马化妆品啊？ 	None
怎样把本地电脑上（自己录制的）视频上传到QQ空间或者网易博客？我 	None
老年人摆摊能行吗？我爷爷退休了，没什么事情做，但是他又是个闲不住 	None
如何和新来的顶头上司相处？我是个２２岁的女孩子，公司最近新招来一 	None
雷锋笔记，我想找一下，就是人家做好事，从不留名，可人家的笔记上面? 	None
90力水武器问价90力水武器。必30%连30%TS1900粉12 	None
装备合成的要求用4等材料合成的几率很高吗,如果装备合成要求一等材 	None
Excel条件格式单元格里的字数如果超过10个，之后的文字变为有 	None
枭龙战机到底性能如何？？它的销售情况怎样？ 	None
英文和简体中文网页都出现乱码我浏览网页的时候常常会碰到一页中有几 	None
前列腺炎会不会通过性交给女方带来炎症比如阴道炎等！前列腺时间长了? 	None
方程六年级一班有学生52人，男生人数的四分之一比女生人数的六分之 	None
VIP收费章节怎样收费？ 	None
大家再看看这份协议书有法律效应吗本厂看门大爷突发脑血栓，本人已经 	None
香港海洋公园附近的酒店怎么样？有实惠点的推荐吗 	None
怎么增高？我18岁了，但是才165CM，还能增高吗？我想长得高一 	None
招社会人员应届毕业生可不可以报考????请大家帮忙. 	None
跪求一首歌谢谢这个视频里的是什么歌？谁唱的什么名字谢谢 	None
“箪食瓢饮”怎么读？请注明词性，声调，出处 	None
胡须怎么不那么浓呢？我今年15了有喉结、有阴毛有腋毛阴茎发育正常 	None
听说高血脂会引起脑中风是吗？请问你脑中风的原因是什么？ 	None
涅磐回1级以后能不能骑马呢?不只是马,也包括元宝买的骑宠. 	None
如何讲课我是非师范类的考生,正在考老师资格证,就差最后一关,讲课 	None
心爱的人讨厌自己了怎么办？我喜欢上了我们班的一个男生，可是他现在 	None
诺基亚N73我的N73用了很久了，外壳有点花，而且我讨厌黑色了， 	None
病史：1、有鼻窦炎多年，嗅觉减退，不发作时，痰略多，但无头痛，但? 	None
每日荐股2009.7.9为了迎合2009波段操作的总体思路为了更 	None
LM和BL的比例现在6区那个F的LM和BL比例相当，查不多就行， 	None
新款诺基亚N70音乐版（黑色的）上市了吗？要多少钱一部呢？ 	None
为什么我在官网上激活不了自己的帐号，页面显示《无法找到该页您正在? 	None
平时非过年北京去哪里买烟花鞭炮，知道的麻烦给我说一下马上就要开业 	None
签证问题有个新加坡的网友说他当担保人帮我办签证，然后就不需要押金 	None
请问天津哪里能买到中里巴人的<<求医不如求己>>？谢谢急！ 	None
珠海报料热线我想得知珠海的报纸的报料热线！谢谢！比如珠海晚报！我 	None
请问，你满意吗？英语怎么说呢？ 	None
工会应该增加人员数额工会人员限制太少了，人多不得不弄分会，希望能 	None
为什么台湾的连续剧台词都怪怪的，表情也好像挤出来似的，不如香港的? 	Potentially
现在油性皮肤用什么样的洗面奶好呢？请各位MM给点意见， 	None
疤痕性皮肤能不能做双眼皮我是疤痕性皮肤，可以做双眼皮吗 	None
IpodNano2的问题IpodNano2的性能怎么样?现在价格 	None
我想申请银行信用卡,如何申请,需要什么条件(个人收入,存款等). 	None
怎样使用银行对公账户最近我们酒店为了申请一台ps机，新办了一个银 	None
请问连续吃天王补心丸和蛤蚧大补胶囊要停药多久才可以怀孕？我因两个 	None
配色请问我家客厅电视墙是原木框架内铺黄玫瑰色壁纸,沙发淡土色,地 	None
牛仔裤到底洗不洗，多久洗一次？有人说不洗，有人说温水洗，到底怎么 	None
黑天鹅任务很攒为什么做的人不多啊? 	None
用括号中的词翻译下列句子我未能说服他接受我的辞呈。Ifailed 	None
游戏更新发生错误是怎么回事呀???? 	None
我的认证已经一周了，为什么还没有通过？ 	None
《光之冒险》如何在游戏中，快速了解游戏各个系统？您登录游戏后，按 	None
我的机器中了冲击波了，如何解决？哭求 	None
请问世界各地医院医生,有关于小女孩八岁智力低下,语言不清怎么治疗? 	None
k线问题大师好:高位拉长下影的阴线与高位拉长下影的阳线各表示什么 	None
求助啊，关于恋爱问题亲戚介绍的女孩子，刚见过面了，有听到说她的弟 	None
眼睛散光，怎么办。不想带眼镜~~是轻微的~！请问眼镜轻微散光。平 	None
怎样能长高？想长高，教我！！ 	None
宝宝出生有半个月了，4	None
大夫你好：我的的是高血压和大脑皮层萎缩‘大夫让我输小牛去血清蛋白? 	None
望京,公交卡充值点在哪有, 	None
怎样防止键盘辐射 	None
"通灵学院任务""莱斯·霜语(62)"",怎么我对他使用""禁锢灵魂的遗? "	None
残疾人驾驶汽车的政策即将公布实施，聋哑人能开车吗？我是听障残疾人 	Potentially
请问怀孕后第一次去医院检查，会使用窥器检查阴道吗？ 	None
关于插入flash我想在blog里插入flash，点那个插入fl 	None
在线等“神通卡”的问题神通卡绑定游戏ID，能使用枪15天过了15 	None
进项发票的认证？如果我本月想认证，认证的最后一天是月底那一天30 	None
网上买奶粉靠谱不？有谁在网上买奶粉过吗？BB马上要出世了，奶粉不 	None
圣诞老人的原型是什么？ 	None
关于小儿缺钙问题老师您好！！！我儿子10个月了，从三个月开始医生 	None
宫颈中度糜烂真的很可怕吗？老婆前天去医院体检，检出了，这几天心绪 	None
支票出票人帐号客户给我张支票，但没有出票人帐号，这样的支票能入吗 	None
月经前总有几天是点滴出血，持续有3	None
卢湾化妆培训？ 	None
基金净值为1说明了什么？ 	None
QQ无法登陆大家好,有一个问题非常奇怪.我在一台电脑上使用QQ, 	None
在用PhotoshopCS作图时电脑会黑屏.在用Photosho 	None
小三阳问题我父母都没有小三阳,可不知道什么时候传染上了大概小学的 	None
什么是种子食物检查身体，医生说有点肾虚，建议我多吃种子食物，可是 	None
哪位朋友推荐一家比较好的龙泉宝剑网店，要质量好、价格公道的。 	None
许冠杰的歌词:黑眶眶的小眼睛,是你的温柔,叫什么歌名? 	None
怎样让视频更清晰 	None
寻求帮助,急急急!!!!!我的管理博客－－自定义设置中第一项怎么 	None
脑筋急转弯什么东西比细菌还要小？ 	None
有没有厂家生产优质的即食燕窝？谢谢。即食燕窝上品的即食燕窝色泽晶 	None
鱼要怎么做才能好吃呢？ 	None
请教一个恢复德的天赋问题我想练一个恢复德，有激活的，但同时又具备 	None
请问澳门盘高水\中水\低水的范围分别是多少? 	None
处女座男孩会很被动吗?他一直喜欢一个射手座女孩,那女孩也喜欢他,? 	None
网王小说有没有好看的（不是玛丽苏）网王文可不可以发给我 	None
请介绍一些养颜秘方谢谢 	None
请评价我的基金组合富国天博博时裕富 	None
铁锅为什么越烧越黑,有什么办法可以除去吗? 	None
企业申请需要什么？ 	None
溶液浓度问题在标准状况下，1L水中溶解700LNH3，所得溶液的 	None
我该怎么办?我很喜欢一个男孩，付出了很多，从没想过要得到怎样的回 	None
上海到连云港有晚上的火车吗？ 	None
敏力系射手不能学技能吗？一个也不要吗？ 	None
背景在哪儿设置？ 	None
隆鼻问题张医生，我的鼻头简直太大了，有点崩溃，需要做什么项目 	None
怎样学习高中的理科(数学、物理、化学、生物）请详细介绍数学的学习 	None
成本会计某工业企业12月份商品产品成本表中可比产品本年累计总成本 	None
这才是真正的专家.我记得2.27大跌的晚上,清泉发表一篇没有利空 	None
为什么我的邮箱通不过验证！我在进行邮箱验证，可是把邮箱验证码输入 	None
2007年中国写字楼市场分析及投资咨询报告 	None
文言翻译，“天行健，君子以自强不息；地势坤，君子以厚德载物” 	None
关于火车票的问题我想买北京西－荆门的火车票硬卧3张，谁可以提供相 	None
父亲去世时，有人在他的墓碑写了母亲的名字，这对母亲来说是否不太好? 	None
MM高手进！！！！！！1。MM的狂魔技能有哪些？魔圣技能有哪些？ 	None
有什么最新流行的歌曲吗 	None
详解典型盘口及其思维定式五（五）平手与平半球之间的变化这种盘口往 	None
小学六年级的问题A物有8条腿，B物有6条腿和2对翅膀，C物有6条 	None
持续了六个月的毛细支气管炎该怎么办？宝宝出生没有满月的时候睡觉呼 	None
坦克和直升机直升机是坦克杀手有没有坦克安装地空导弹的，威力小一点 	None
在数控机床法拉克系统中要如何设置才能使编入MDI的程序不自动删除? 	None
天津哪家医院哪个大夫治疗类风湿比较好, 	None
激活码是什么?哪位ggjj告诉小弟 	None
失眠求解救|没有什么如果 	None
看来R9又是错1场！（实图） 	None
当前威胁世界和平和稳定的主要因素是1国际恐怖主义活动2民族矛盾与 	Potentially
我是一个坤+8套鬼怎么才能单刷飞升135战场如题，方法说明白点。 	None
请删除惠潮《亡父三周年祭》，谢谢 	None
腌过得干鱼有怎样得做法我有一个朋友从青海带了点干鱼过来，我不知道 	None
到上海罗阳路388号怎么走?从通河新村出发.地铁的话是从几号出口 	None
勒芒	None
谁知道CCTV3的电视书场为什么停播了？以后是否还会播出？很喜欢 	None
清泉老师：601628如何操作？ 	None
宝宝的食欲问题？各位好！我宝宝十三个月了，可他的食欲一点也不好， 	None
公司成员进行内部培训收一定培训费用是违法的吗？ 	None
救命呀，玩魔兽争霸的时候会突然花屏我才买的电脑玩魔兽争霸的时候会 	None
我考了392分能上湖南科技学院潇湘学院土木工程系吗能靠上吗？ 	None
谁有这方面经历，到底还还追不追啊？我确定以前她对我有好感，上次我 	None
宝宝现在10个月了,妈妈说不能吃鸡肉?是真的吗?可是我想吃哦!请? 	None
用招商银行卡在农业银行ATM取钱为什么没要手续费?同城的 	None
我家墙面是白色地面是黄色的窗帘买什么颜色的好 	None
跑跑的声音问题进入游戏后，玩一会就没声音了，高手指教~~我电脑什 	None
为什么我一进游戏必须得更新5个文件``每次都得更新？如题 	None
请问从不生病是好呢？还是不好？我的身体从十几岁开始后一直以来都几 	None
Excel单元格如何强制输入或粘贴无空格的姓名给别人预设空白表格 	None
请问单人旁加一个瓜是什么字啊？为什么在字典上找不到啊？ 	None
一台电脑能开两好么我现在24级新手技能加满听手全洗要88想重创号 	None
关于暗黑刷套装的问题我想刷一些套装送给朋友，请问西刚套装，不朽之 	None
哪种防晒霜好？夏天要到了，脸上又是护肤品又是防晒霜，有时还需要来 	None
战网的问题下载了注册表就直接可以进了吗？有没有其他什么要注意的？ 	None
悬赏···男生乳头怎么缩小？小时候喜欢摸自己的一边的乳头睡觉长大 	None
三点共线怎么证明？已知三角形ABC在平面α外，它的三边所在直线分 	None
怎样修改博客的名称 	None
100分：哪种局域网管理软件能够监控到局域网中其它任何一台电脑正? 	None
求助怎么上属性求个火7、8的方法。知道的告诉下，谢谢。 	None
我想知道成都的立交桥，最好是＂人南立交桥＂有外观，形象，就行．多? 	None
请教四月份五月份什么日子搬家比较好本人属兔,我老公属猴,儿子属龙 	None
<雨说>你想对雨说些什么?求答案&lt;雨说&gt;你想对雨说些 	None
“增えるんじゃない”时增加了还是没有增加？“じゃない”是双重否定? 	None
为什么我的5.1声道的音箱只有主音箱有声音？为什么我的主音箱有声 	None
（1.75	None
段晓飞和张晓厦的成婚率有多高段晓飞和张晓厦可能结婚吗 	None
我是战斧请问我要带什么宝宝OK就好呢？我每次PK就是因为不知道带 	None
用17寸的液晶显示器最佳分辨率1280x1024字有多小？我想买 	None
问题最近我总是感觉心情很不好，有时会为一点小事而闹情绪，我想问一 	None
问一个关于精灵坐骑的问题迅捷霜刃豹买了个多月了现在骑上去觉得不太 	None
请教有经验的姐妹们`宝宝就快4个月了`不知道要先给宝宝添加什么辅 	None
NOKIA1680c用数据线连接电脑还要安装驱动么?为什么电脑提 	None
诺基亚5800和N85都有什么特色？ 	None
八字须，往上翘，说话好像娃娃叫，只洗脸，不梳头，夜行不用灯光照 	None
在2006年12月31日前，理财金账户享受银行管家服务无需缴纳收? 	None
姐妹们！我最后一第月经来的是，8月24，可我不知怀BB到底多久了? 	None
普通银行卡可以网上购物吗？速度，急办理网上银行功能和网上购物功能 	None
标志207r的大眼睛和小丑套的其余4件都在那里刷知道的说一下？？? 	None
请有经验的美女回答？我和老公做爱的时候，白带特别多，有的时候ＪＪ 	None
浑身是奶学姐，国米看0的理由是什么呢？请你告之一二，谢谢。 	None
9月26更新？？？9月26更新，更到什么时间才能进游戏啊？？？？ 	None
玛尼墙是做什么用的藏族的玛尼墙是用来做什么的？ 	None
600113,是向上突破走势吗？？ 	None
降息将使美圆将下跌多少？再有不到3个月，美国可能就要开始降息，如 	None
问百家姓中各姓氏的由来,谁能全列出来哦!在此谢咯! 	None
我在装修新房，电热水器什么牌子的好？我在装修新房，需要买电热水器 	None
８万元左右的私家用车选什么好？着重考虑一下几个方面：１、经济省油? 	None
企事业单位能否购买国债 	None
绿口怪在哪抓啊，两个1层都有网上给的那个坐标，是杰村那边的还是另? 	None
爱问高手真多啊，果然3：1~~~~~~~~厉害，呵呵……老纳佩服 	None
VB问题VB中a(i)和aa(i)都表示什么意思，在什么情况下用 	None
166期两个任8，心酸 	None
有谁知道LX开通电话冲值了吗？？不知道LX有没有开通电话冲值的~ 	None
刻苦读书的成语来几条. 	None
龙精石，帮帮忙我的到了两快石头，可是净化剑只能净化一次，有一块， 	None
妈妈对这个家没什么感情我觉得妈妈对我和爸爸和她兄弟姐妹完全不一样 	Potentially
面对裁员,有什么感想？！今天下午，我知道我明天将要被公司战略裁员 	None
老公打呼噜还跟六个月的孩子睡一起,会有什么影响? 	None
最近新浪爱问知识人无法采纳答案,我的好几个问题都要过期了,真是急? 	None
水果吃多了会不会发胖？我想减肥,他们说吃水果会有效果是真的吗?会 	None
急!急!急!有做爱经验者速进我女友总算答应我和她做爱了!可是我们 	None
狗不喜欢什么气味？怎样不让狗往某些地方撒尿？有什么办法驱离狗，让? 	None
每年都有很多人自杀,学生的比例不在少数,为什么是这样?每所高校都 	None
全势力无双武将加成一览谁有？ 	None
“北京人”是怎样被发现的? 	None
HT20砖回弹仪有时轻轻一碰还没按到底弹击锤就铛一声落下了，在使? 	None
雁门清高有没有苦荞醋？ 	None
格斗格斗大家觉得敏格和攻格哪个好?为什么?&gt;(麻烦详细点) 	None
白天喝茶晚上睡不着怎么办?上午喝茶，午休睡不着。下午喝茶，晚上睡 	None
下个剧本CC势力的武将！！ 	None
什么叫气手枪？与手枪的区别？ 	None
请问专家我？我２５岁了混合偏油性皮肤Ｔ字部位毛孔很粗脸上爱长痘， 	None
幽默出句：微风送远水中月 	None
显示器频繁抖动黑屏本人电脑开机就出现显示器抖动黑屏,显卡风扇都重 	None
英语作文如何学的好 	None
云南哪里好玩？旅游景点有哪些？ 	None
为什么我总是耳朵发烧?我总是无缘无故耳朵发烧,而且常常是一只耳朵 	None
车座下面那根生锈了怎么办 	None
想给孩子的房间装修特别一点，有没有好一点的油漆啊？ 	None
卧龙为什么还上不去有谁上去没呢，怎么到现在还显示维护状态呢？？？ 	None
我是男性，乳头正常情况是内凹的，刺激才能挺起来，这是什么问题。我? 	None
HP1000硒鼓如何拆左?的栓子？ 	None
最近新出什么好看的动漫了热血的 	None
求一篇思想政治的论文要求:写一篇[关于大学生思想道德现状产生原因 	None
过年去女友家怎么拜年？过两天要去女友家拜年！！按我的想法，就是买 	None
最近跟微博上看到个倍润，这谁家的？好用么？ 	None
全自动电脑洗车机用于城市洗车，有市场吗？ 	None
以发表过的文章怎么参加活动我已经发表了文章,怎么参加这个活动啊! 	None
hao123桔子浏览器怎么设置右键百度搜索。 	None
敏妖，求助！关于装备我练一敏妖，希望高手指点我应如何装备为佳？我 	None
成人三级英语提问～：）[5]Englishisusedbymor 	None
家里自来水管发出噪音,怎么回事最近家里的水管经常发出“呜呜... 	None
松江怎样去虹桥枢纽比较方便，乘车和开车 	None
47F+3的帕黎恩魔杖能卖多少钱？ 	None
夏天适合用什么面膜夏天太阳很猛，有时候会晒伤脸部皮肤，还有脸部皮 	None
40级宝藏的问题40级宝藏，有同级奶妈陪练，应该穿全身套还是飞龙 	None
成人本科挂名我现在在的学校的信息管理专业是4年脱产成人本科,挂靠 	None
怎么彩虹骑士不能玩了啊今天是06年11月8号我进入了彩虹骑士这个 	None
“楚河汉界”指的是什么地方？ 	None
铜包钢接地线接头怎么做 	None
瑞典SK战队队员除了fisker还有谁？ 	None
成人高考我要考艺术类的学校。请问数学成绩怎么算？算总成绩里的分吗 	None
长盛动态什么时候卖呢？它在高位拼命增仓，是不是在为别人高位接货呢 	None
我的宝宝是不是正常？？？？？我现在怀孕23周了今天单位体验,B超 	None
解决烦恼的最好办法？ 	None
不作为故意杀人罪的社会危害性以及法律对其规定为犯罪的意义.不作为? 	None
600832东方明珠将启动，是真的吗？有专家给予点评吗？ 	None
房屋贷款时交的房贷险的理赔何时保险公司有理赔责任啊？赔给谁？（我 	None
如何画好钢笔画学了建筑老师让我们每天画一幅钢笔画 	None
我国的社会主义市场经济为什么必须面向世界，扩大开放？ 	None
怎么看快本直播 	None
有很多人认为公务员的工作比较枯燥和轻闲，你是怎么看待这个问题的？ 	None
为什么要把9.18日定为国耻日？9.18事变然到比7.7事变意义 	None
异地恋真得就那摸难吗???我该怎么来处理我这段异地的恋情??大家? 	None
08款君越故障码P0013排气凸轮轴位置执行器电磁阀控制电路（缸? 	None
WX高手进！~~~我是新手！我想问下WX的属性点是怎么加的？？？ 	None
那位大哥看看这个软件是不是真实的？软件大小：961KB软件语言： 	None
姚明成熟了吗 	None
氟罗沙星葡萄糖注射液是否对胎儿有影响请问专家:我是7月3号来的月 	None
更新邮票期数记录失败是怎么回事?为什么我点收集邮票却告诉我更新邮 	None
风信子怎么种?对温度.湿度有什么要求?我第一次种风信子,怎么样才 	None
你好！在08年的时候就有偏右头痛，在那个时候以为是眼引起的，检查? 	None
有关慢性咽炎的治疗与保养我有慢性咽炎很久了了，就是喉咙这里有一粒 	None
地幔是固态还是液态？ 	None
宝宝吃迪巧时注意事项有哪些呀？ 	None
怎样止呕吐现象?男生朋友不知为什么一直呕吐? 	None
老公天天搓麻将，我应该怎么办？我老公现在迷上了麻将，刚昨天信誓旦 	None
陈真副官处的位置说在祖龙城找可是也没找到啊?? 	None
女的脸上为什么也会长胡须啊？可能那个也不能叫做胡须，可是有的人长? 	Potentially
白玫瑰放在红墨水中变色吗 	None
买新楼要到售楼处后直接问售楼员看一样叫销控的本子，请问：“销控”? 	None
求广州好的动画培训机构？想在广州学习动画制作 	None
pdf中内置了音频有没有办法将音频提取出来？ 	None
欧洲旅游有人告诉我，在欧洲里，有时候做飞机比坐火车还便宜，是不是 	None
天天喝统一绿茶真的能减肥吗我天天把统一绿茶当水喝这样成吗能减肥吗 	None
野猪5级冲锋抓什么可以学到? 	None
为什么我输QQ验证码老说我输入错误? 	None
睡觉时被子为什么老是往床下掉？每晚睡觉我都要在地上拣几次被子，有 	None
会计报税日期是多少号之前?会计证什么时候年审?什么是年审? 	None
"为什么我每次买""火炮""是都会显示级别不符的字样呢?怎样的等级才能? "	None
眼睛有炎症，怎么办本来我是滴眼药特别蛰，然后在爱问说是因为眼睛有 	None
幼儿多阅读有什么好处 	None
QQ车音响如何改装我喜欢听流行音乐.比较轻柔的.请指教:最好是指 	None
操作工的面试会问些什么呢? 	None
有谁知道华中师范大学长沙研究院怎么样，我在那里读研究生的话，拿的? 	None
咳嗽咳嗽还是咳嗽，谁有妙招能治幼儿咳嗽 	None
医生，我嘴突下巴短，是否该通过玻尿酸注射下巴改善？医生，我想问我 	None
我该怎么办？又是感情　跟他在一起时间不长，只有一年，同居半年，他 	None
如果你喜欢的女生对你说她有喜欢的人了，或是有男朋友了，你会怎么做? 	None
dvd光碟怎么复制到硬盘?需要下载什么软件?具体怎么操作?谢谢! 	None
为什么网络连接到一半就断了我连接成功后，上一下网，看看一些网页， 	None
CD刻录一张光盘上可以压缩刻录上百首歌，想请教下是怎么刻录的？ 	None
汽车报价２００７年１２月买的长城哈弗现在值多少钱？黑色，车身新， 	None
和女友第一次ML用什么样的体位好呢?>.如题谢谢 	None
支付定单为什么密码提示问题我输入中文不可以啊，怎么办啊我问题回答? 	None
谁能给我推荐个好点的环艺手绘的书 	None
怎样练成12级宠?我想知道12级宠是怎么合成的可不可以1+1=2 	None
解释：睥睨天下 	None
在上海拍外景婚纱咋样？ 	None
日本国土面积多大? 	None
清泉老师000998被套,是做高抛低吸还是离场？清泉老师0009 	None
想找一个笔记本电脑测试软件。买二手笔记本电脑用。 	None
中国政府真的那么懦弱吗?好像强,又好像弱! 	None
爱情和事业，我将如何选择？我喜欢的那个女孩并没有对我的事业有什么 	None
大家有什么好看电影介绍，音乐也行 	None
为什么我的帐号被锁定了因今天上午有事外出了.没能与买家及时交易. 	None
UNESCO是什么国际组织的简称？ 	None
狗狗问题狗狗可以水果的果核吗？ 	None
爱过！伤过！心碎过！还要坚持吗 	None
急!高手快来帮忙!!!我的主板不好插显卡为什么?这比一般的主板小 	None
问一个字的读音竹字头,下面一个厂,厂里面一个像虎似的字这个字念什 	None
html怎么用我想做一个网站的时间日期怎么弄呀? 	None
汉中的朋友说说哪家美发店好　？ 	None
寻找专门清洁宠物耳朵的东东？狗狗耳朵里面好脏、好臭，我想给它买些 	None
32岁的女性个人购买社会养老保险有必要吗？女，32岁，在小厂打过 	None
现在白金（铂金）、黄金的价格（每克人民币），纯粹金条有投资价值吗? 	None
用搜狗输入法输出来的还是字母，怎么办？ 	None
二胡吟古月	None
问一下合肥视力矫正手术怎么样呢？ 	None
有没有什么新出的电影最好是恐怖惊悚类的~跪求 	None
包皮龟头炎是什么原因引起的？我的命为什么这么苦啊，我一直都是非常? 	None
请给我推荐一款面膜我今年26岁，混合皮肤且有轻度红血丝，T区会油 	None
个人好奇心问下一区事件前两天看到一区玛F的沁沁雪事件,纯粹个人好 	None
初二数学题目一个钢筋三脚架长分别为20CM,50CM,60CM, 	None
风云2两厢怎么样？值不值购买？C30怎么样？真是纠结中啊~！家用 	None
巨蟹男有恋母情节么?什么是恋母情节?表现在什么事情上呢? 	None
六个月的孩子怎样促进他的智力发展？ 	None
男人做爱后会洗JJ吗? 	None
小平忘记了今天是星期几，于是他去问O、P、Q三人。O回答：“我也? 	None
601099太平洋近期走势如何 	None
二手车评估05年海南马自达323，1.6手动舒适型，行驶5.8万 	None
精灵寻手打钱问题关于寻手去废墟打钱的说法太不一，有的说用腰弩，有 	None
我要减肥!！！！！！！！！！！！！！！！！！！！我现在178CM 	None
我女朋友求的姻缘签，有大仙可以解答？ 	None
QQ堂刷紫钻外挂 	None
这房能盖吗我在自己承包的土地上建了果园,我想在果园中养猪,搞种养 	None
“道行”hang还是xing？昨天晚上看神探狄人杰，武则天念的道? 	None
房产证是男方父母的，离婚时这财产怎样分割？马上要结婚了，他们家要 	None
[阿谜]请猜四字成语一：主犯辩护未获准。 	None
饮食原料的品质受哪些因素影响 	None
具体如何在网上收听BBC 	None
员工个人交通费、通讯费是否应交个调税我公司每月有补贴员工交通、通 	None
有无人识破解手机嘅图案密码啊？？！求大神帮拖[害羞] 	None
婴儿身上长白色癣怎么回事?我家宝宝3个月,头上长有几块指头大小的 	None
八月十五看龙灯歇后语 	None
请问：大排挡炒螺是用什么配料和怎样炒法？谢了！.请问：大排挡炒螺 	None
离婚时房子怎么分割我想问下，我07年结婚，房子是男方婚前买的并付 	None
在真三国无双3中（PC),怎样拿赤兔马？ 	None
FR价格一只成长3.75，有必杀和连击的FR值多少钱？ 	None
李敏姐你好！我想买瑞纳1.4标配的。7.09万值吗？有啥优缺点谈 	None
白盆的是栀子花，蓝盆的好像叫平安竹，这两盆花要怎么养怎么浇水？栀? 	None
河南理工大学，郑州轻工业学院，郑航哪个大学好？ 	None
资本的有机构成是如何影响着资本的周转速度等其他的资本运行 	None
刚生完孩子20天，总发烧不断，奶里面全是硬块怎么办？头一次当妈妈 	None
猜中国米本次赢几个球的？100分！高兴啊！~利单3，中！~庆祝下 	None
南京易尔灵科技公司怎么样？ 	None
减肥健身我要下载一套很好的有氧健身操，请问哪里有下载地址，谢谢！ 	None
博时稳定价值债券投资基金投资组合有何限制？ 	None
清帮我修改一下珍韩现在是职员了，工作很忙，玩儿时间少了，也不睡懒 	None
吃纳豆对糖尿病人有什么好处吗？ 	None
下半身微胖的女生如何穿衣上身很瘦，但是因为下半身（屁股和大腿微胖 	None
求武器出处,知道就说说越详细越好这武器确实诱惑人啊 	None
仙剑3怎么过壁山那的桥啊，我站上去老说重量不够？？？？？？？？ 	None
全力冰小刀该如何加技能点?我是个菜鸟级的丝路新手,看了网上N多帖 	None
怎么给朋友送礼物，让她能高兴？不知道她喜欢什么，但要是能让她高兴 	None
中超联赛结束之际，将迎来一个前所未有的留洋高峰，你认为下面几位球? 	None
那位大哥帮帮我呀!给我一份冀教版或人教版数学暑假生活的答案(八年 	None
